sample_name,project_name,c_tumor_stage,c_tumor_grade,c_ajcc_pathologic_t,c_ajcc_pathologic_n,n_year_of_diagnosis,c_synchronous_malignancy,n_cigarettes_per_day,c_alcohol_history,n_years_smoked,n_alcohol_intensity,n_weight,n_height,n_bmi,c_race,c_gender,n_age,pfs,os,pfs_status,os_status,c_tumor_type
TCGA-W3-AA1V,TCGA_SKCM,Stage II,NA,T3,N0,1994,No,NA,NA,NA,NA,91,180,28.08641975,white,male,63,NA,1280,0,1,Skin Cutaneous Melanoma
TCGA-D3-A1QB,TCGA_SKCM,Stage III,NA,T0,N2c,2005,No,NA,NA,NA,NA,86,147,39.79823222,white,female,75,2912,NA,1,0,Skin Cutaneous Melanoma
TCGA-FS-A1ZT,TCGA_SKCM,Stage III,NA,T2,N1b,2005,No,NA,NA,NA,NA,NA,NA,NA,white,male,55,1617,NA,1,0,Skin Cutaneous Melanoma
TCGA-EB-A51B,TCGA_SKCM,Stage IIC,NA,T4b,NX,2012,No,NA,NA,NA,NA,94,173,31.40766481,white,male,53,931,NA,1,0,Skin Cutaneous Melanoma
TCGA-ER-A2NB,TCGA_SKCM,Stage IIIB,NA,T4b,N2,2010,No,NA,NA,NA,NA,NA,NA,NA,white,male,57,486,857,1,1,Skin Cutaneous Melanoma
TCGA-FR-A729,TCGA_SKCM,Stage I,NA,T1,N0,1996,No,NA,NA,NA,NA,83,174,27.41445369,white,female,38,6716,NA,1,0,Skin Cutaneous Melanoma
TCGA-D3-A1Q4,TCGA_SKCM,Stage IIIC,NA,T2b,N1b,2003,No,NA,NA,NA,NA,83,155,34.54734651,white,female,53,3408,NA,1,0,Skin Cutaneous Melanoma
TCGA-EE-A2MH,TCGA_SKCM,Stage III,NA,T4a,N0,2001,No,NA,NA,NA,NA,NA,NA,NA,white,male,66,NA,516,0,1,Skin Cutaneous Melanoma
TCGA-EE-A20I,TCGA_SKCM,Stage IV,NA,TX,N0,2008,No,NA,NA,NA,NA,NA,NA,NA,white,male,79,NA,412,0,1,Skin Cutaneous Melanoma
TCGA-EE-A20F,TCGA_SKCM,Stage I,NA,T1,N0,2002,No,NA,NA,NA,NA,NA,NA,NA,white,male,53,2785,NA,1,0,Skin Cutaneous Melanoma
TCGA-EB-A82C,TCGA_SKCM,Stage IIC,NA,T4b,N0,2013,No,NA,NA,NA,NA,42,150,18.66666667,asian,female,70,17,NA,1,0,Skin Cutaneous Melanoma
TCGA-D9-A4Z2,TCGA_SKCM,Stage IIIC,NA,T4b,N3,2012,No,NA,NA,NA,NA,54,164,20.07733492,white,male,50,93,190,1,1,Skin Cutaneous Melanoma
TCGA-W3-AA21,TCGA_SKCM,Stage I,NA,T2,N0,1994,No,NA,NA,NA,NA,99,175,32.32653061,white,male,26,NA,3195,0,1,Skin Cutaneous Melanoma
TCGA-EE-A2M7,TCGA_SKCM,Stage II,NA,T3a,N0,1999,No,NA,NA,NA,NA,NA,NA,NA,white,male,66,NA,877,0,1,Skin Cutaneous Melanoma
TCGA-D3-A2J8,TCGA_SKCM,Stage IB,NA,T2a,N0,2003,No,NA,NA,NA,NA,79,183,23.58983547,white,male,48,NA,1992,0,1,Skin Cutaneous Melanoma
TCGA-ER-A19L,TCGA_SKCM,NA,NA,NA,NA,1994,No,NA,NA,NA,NA,NA,NA,NA,white,male,35,NA,4000,0,1,Skin Cutaneous Melanoma
TCGA-FS-A1ZA,TCGA_SKCM,Stage IIIB,NA,T4b,N2c,2003,No,NA,NA,NA,NA,NA,NA,NA,white,female,45,NA,843,0,1,Skin Cutaneous Melanoma
TCGA-XV-A9VZ,TCGA_SKCM,Stage II,NA,T4,N0,2013,No,NA,NA,NA,NA,52,158,20.82999519,white,female,90,0,NA,1,0,Skin Cutaneous Melanoma
TCGA-D3-A8GR,TCGA_SKCM,Stage 0,NA,Tis,N0,1999,No,NA,NA,NA,NA,84,168,29.76190476,white,female,54,NA,3943,0,1,Skin Cutaneous Melanoma
TCGA-D3-A8GQ,TCGA_SKCM,Stage II,NA,T3,N0,2004,No,NA,NA,NA,NA,82,174,27.08415907,white,male,66,NA,884,0,1,Skin Cutaneous Melanoma
TCGA-D3-A8GD,TCGA_SKCM,Stage IIIC,NA,T4b,N3,2012,No,NA,NA,NA,NA,79,168,27.99036281,white,female,63,718,NA,1,0,Skin Cutaneous Melanoma
TCGA-D3-A3ML,TCGA_SKCM,Stage IIIA,NA,T3a,N2a,2003,NA,NA,NA,NA,NA,76,178,23.98687034,white,male,70,NA,422,0,1,Skin Cutaneous Melanoma
TCGA-D3-A5GT,TCGA_SKCM,Stage IIIC,NA,T2b,N3,2012,No,NA,NA,NA,NA,79,155,32.88241415,white,male,43,487,NA,1,0,Skin Cutaneous Melanoma
TCGA-D3-A3MU,TCGA_SKCM,Stage IIIA,NA,T3a,N2a,2010,No,NA,NA,NA,NA,110,181,33.57650865,white,male,53,1209,NA,1,0,Skin Cutaneous Melanoma
TCGA-D3-A2J9,TCGA_SKCM,Stage IIIC,NA,T4b,N3,2003,No,NA,NA,NA,NA,70,183,20.90238586,white,male,75,NA,723,0,1,Skin Cutaneous Melanoma
TCGA-FR-A3YO,TCGA_SKCM,NA,NA,T2,N0,2007,NA,NA,NA,NA,NA,48,165,17.63085399,white,female,NA,NA,NA,0,0,Skin Cutaneous Melanoma
TCGA-EE-A29S,TCGA_SKCM,Stage IIA,NA,T3a,N0,2006,No,NA,NA,NA,NA,NA,NA,NA,white,male,79,1701,1864,1,1,Skin Cutaneous Melanoma
TCGA-ER-A19O,TCGA_SKCM,Stage IIIB,NA,T3b,N1b,2006,No,NA,NA,NA,NA,NA,NA,NA,white,male,56,NA,NA,0,0,Skin Cutaneous Melanoma
TCGA-DA-A1HY,TCGA_SKCM,Stage III,NA,T2b,N1,2002,No,NA,NA,NA,NA,80,178,25.2493372,white,male,42,4407,NA,1,0,Skin Cutaneous Melanoma
TCGA-FW-A5DY,TCGA_SKCM,Stage III,NA,T3,N1,2012,No,NA,NA,NA,NA,NA,NA,NA,white,female,48,587,NA,1,0,Skin Cutaneous Melanoma
TCGA-BF-AAP7,TCGA_SKCM,Stage IIC,NA,T4b,N0,2013,No,NA,NA,NA,NA,67,158,26.83864765,white,female,76,318,NA,1,0,Skin Cutaneous Melanoma
TCGA-D3-A51N,TCGA_SKCM,Stage IV,NA,T0,N3,2012,No,NA,NA,NA,NA,84,163,31.61579284,white,female,56,688,NA,1,0,Skin Cutaneous Melanoma
TCGA-WE-A8ZY,TCGA_SKCM,Stage IIA,NA,T3a,NX,2010,No,NA,NA,NA,NA,NA,NA,NA,white,male,62,1330,1506,1,1,Skin Cutaneous Melanoma
TCGA-ER-A19A,TCGA_SKCM,Stage IV,NA,TX,N0,2006,No,NA,NA,NA,NA,NA,NA,NA,white,male,79,2365,NA,1,0,Skin Cutaneous Melanoma
TCGA-BF-AAP0,TCGA_SKCM,Stage IV,NA,T4,NX,2013,No,NA,NA,NA,NA,57,170,19.72318339,white,female,40,454,NA,1,0,Skin Cutaneous Melanoma
TCGA-EB-A5SF,TCGA_SKCM,Stage IIC,NA,T4b,NX,2012,No,NA,NA,NA,NA,57,161,21.98989237,white,female,78,0,369,1,1,Skin Cutaneous Melanoma
TCGA-EB-A42Y,TCGA_SKCM,Stage IIC,NA,T4b,N0,2012,No,NA,NA,NA,NA,43,152,18.61149584,asian,female,73,440,721,1,1,Skin Cutaneous Melanoma
TCGA-ER-A197,TCGA_SKCM,Stage IIIB,NA,T4b,N1a,2006,No,NA,NA,NA,NA,NA,NA,NA,white,female,83,NA,424,0,1,Skin Cutaneous Melanoma
TCGA-EB-A6QY,TCGA_SKCM,Stage IIC,NA,T4b,N0,2013,No,NA,NA,NA,NA,97,169,33.96239627,white,male,71,382,NA,1,0,Skin Cutaneous Melanoma
TCGA-D3-A3C6,TCGA_SKCM,Stage IB,NA,T2a,N0,2006,No,NA,NA,NA,NA,85,165,31.22130395,white,female,54,NA,1766,0,1,Skin Cutaneous Melanoma
TCGA-D3-A51J,TCGA_SKCM,Stage III,NA,T0,N1b,2001,No,NA,NA,NA,NA,126,185,36.81519357,white,male,19,4414,NA,1,0,Skin Cutaneous Melanoma
TCGA-D3-A3CE,TCGA_SKCM,Stage III,NA,T0,N1b,2001,No,NA,NA,NA,NA,75,165,27.54820937,white,female,74,NA,1832,0,1,Skin Cutaneous Melanoma
TCGA-D3-A51H,TCGA_SKCM,Stage IIIC,NA,T1b,N3,2009,No,NA,NA,NA,NA,78,183,23.29122996,white,male,60,1714,NA,1,0,Skin Cutaneous Melanoma
TCGA-EE-A2GH,TCGA_SKCM,Stage I,NA,T2,N0,1996,No,NA,NA,NA,NA,NA,NA,NA,white,male,34,6699,NA,1,0,Skin Cutaneous Melanoma
TCGA-GN-A4U3,TCGA_SKCM,Stage III,NA,T3a,N1a,2004,No,NA,NA,NA,NA,84,180,25.92592593,white,male,30,3708,NA,1,0,Skin Cutaneous Melanoma
TCGA-BF-A5EP,TCGA_SKCM,Stage IIIC,NA,T4b,N3,2012,No,NA,NA,NA,NA,83,165,30.48668503,white,female,75,335,NA,1,0,Skin Cutaneous Melanoma
TCGA-D3-A2JP,TCGA_SKCM,Stage IIIC,NA,T0,N3,2008,No,NA,NA,NA,NA,75,175,24.48979592,white,male,37,1812,NA,1,0,Skin Cutaneous Melanoma
TCGA-ER-A19C,TCGA_SKCM,Stage I,NA,T2a,NX,1998,No,NA,NA,NA,NA,NA,NA,NA,white,male,77,NA,1487,0,1,Skin Cutaneous Melanoma
TCGA-EE-A3JI,TCGA_SKCM,Stage I,NA,T2,N0,1999,No,NA,NA,NA,NA,NA,NA,NA,white,male,48,4504,4648,1,1,Skin Cutaneous Melanoma
TCGA-DA-A1HW,TCGA_SKCM,Stage IIIB,NA,T1a,N1b,2009,No,NA,NA,NA,NA,69,NA,NA,white,female,37,820,1096,1,1,Skin Cutaneous Melanoma
TCGA-ER-A2NG,TCGA_SKCM,Stage IIIC,NA,T3b,N3,2009,No,NA,NA,NA,NA,NA,NA,NA,white,female,43,951,1490,1,1,Skin Cutaneous Melanoma
TCGA-EB-A4IS,TCGA_SKCM,Stage IIB,NA,T3b,NX,2012,No,NA,NA,NA,NA,80,155,33.29864724,white,male,77,774,NA,1,0,Skin Cutaneous Melanoma
TCGA-EE-A2MR,TCGA_SKCM,Stage I,NA,T2,N0,2002,NA,NA,NA,NA,NA,NA,NA,NA,white,male,61,4088,NA,1,0,Skin Cutaneous Melanoma
TCGA-WE-A8K1,TCGA_SKCM,Stage IIIC,NA,T3b,N3,2010,No,NA,NA,NA,NA,NA,NA,NA,white,male,74,1492,NA,1,0,Skin Cutaneous Melanoma
TCGA-FS-A4F8,TCGA_SKCM,Stage I,NA,T1,N0,1997,No,NA,NA,NA,NA,NA,NA,NA,white,male,52,NA,5318,0,1,Skin Cutaneous Melanoma
TCGA-EE-A3JB,TCGA_SKCM,Stage III,NA,T3a,N1,1992,No,NA,NA,NA,NA,NA,NA,NA,white,female,60,6138,NA,1,0,Skin Cutaneous Melanoma
TCGA-EE-A29C,TCGA_SKCM,Stage IB,NA,T2a,N0,2007,No,NA,NA,NA,NA,NA,NA,NA,white,male,20,1455,2402,1,1,Skin Cutaneous Melanoma
TCGA-W3-AA1Q,TCGA_SKCM,Stage III,NA,TX,N1,1994,No,NA,NA,NA,NA,73,178,23.0400202,white,male,57,NA,2101,0,1,Skin Cutaneous Melanoma
TCGA-WE-AAA4,TCGA_SKCM,Stage IIIC,NA,TX,N3,2012,No,NA,NA,NA,NA,NA,NA,NA,white,female,56,760,NA,1,0,Skin Cutaneous Melanoma
TCGA-FS-A1Z0,TCGA_SKCM,Stage IA,NA,T1a,N0,1990,No,NA,NA,NA,NA,NA,NA,NA,white,female,32,NA,6164,0,1,Skin Cutaneous Melanoma
TCGA-EB-A4P0,TCGA_SKCM,Stage IIC,NA,T4b,N0,2012,No,NA,NA,NA,NA,76,178,23.98687034,white,male,82,-2,326,1,1,Skin Cutaneous Melanoma
TCGA-XV-A9W2,TCGA_SKCM,Stage I,NA,T1,N0,2013,No,NA,NA,NA,NA,56,157,22.7189744,white,male,81,417,NA,1,0,Skin Cutaneous Melanoma
TCGA-ER-A42L,TCGA_SKCM,Stage II,NA,T3,N0,2001,No,NA,NA,NA,NA,NA,NA,NA,white,male,49,4533,NA,1,0,Skin Cutaneous Melanoma
TCGA-FS-A1Z4,TCGA_SKCM,Stage I,NA,T1,N0,2001,No,NA,NA,NA,NA,NA,NA,NA,white,male,62,NA,854,0,1,Skin Cutaneous Melanoma
TCGA-XV-A9W5,TCGA_SKCM,NA,NA,T2,N0,2013,No,NA,NA,NA,NA,105,180,32.40740741,white,male,51,392,NA,1,0,Skin Cutaneous Melanoma
TCGA-GN-A4U8,TCGA_SKCM,NA,NA,NA,NA,2009,No,NA,NA,NA,NA,NA,180,NA,white,male,51,1487,NA,1,0,Skin Cutaneous Melanoma
TCGA-D3-A8GK,TCGA_SKCM,Stage IIA,NA,T3a,N0,2000,No,NA,NA,NA,NA,80,178,25.2493372,white,male,45,5177,NA,1,0,Skin Cutaneous Melanoma
TCGA-WE-AAA3,TCGA_SKCM,Stage IIIC,NA,T4b,N2b,2013,NA,NA,NA,NA,NA,NA,NA,NA,white,female,84,651,NA,1,0,Skin Cutaneous Melanoma
TCGA-GN-A262,TCGA_SKCM,NA,NA,NA,NA,2001,No,NA,NA,NA,NA,72,159,28.47988608,white,female,47,4255,NA,1,0,Skin Cutaneous Melanoma
TCGA-EE-A29X,TCGA_SKCM,Stage IB,NA,T2a,N0,2009,No,NA,NA,NA,NA,NA,NA,NA,white,female,58,NA,545,0,1,Skin Cutaneous Melanoma
TCGA-GF-A2C7,TCGA_SKCM,Stage IIC,NA,T4b,N0,2011,No,NA,NA,NA,NA,NA,NA,NA,white,male,48,21,NA,1,0,Skin Cutaneous Melanoma
TCGA-EE-A2MM,TCGA_SKCM,Stage I,NA,T2,N0,1993,No,NA,NA,NA,NA,NA,NA,NA,white,female,63,NA,5107,0,1,Skin Cutaneous Melanoma
TCGA-D3-A2JL,TCGA_SKCM,NA,NA,TX,N0,1999,No,NA,NA,NA,NA,72,165,26.44628099,white,female,43,5219,NA,1,0,Skin Cutaneous Melanoma
TCGA-FW-A5DX,TCGA_SKCM,Stage IIIC,NA,T4a,N3,2012,No,NA,NA,NA,NA,NA,NA,NA,white,male,71,640,NA,1,0,Skin Cutaneous Melanoma
TCGA-D9-A6EC,TCGA_SKCM,Stage IIIA,NA,T3a,N1,2008,No,NA,NA,NA,NA,130,175,42.44897959,white,male,56,2359,NA,1,0,Skin Cutaneous Melanoma
TCGA-ER-A2NF,TCGA_SKCM,Stage IIIB,NA,T3b,N3,2010,No,NA,NA,NA,NA,NA,NA,NA,white,male,53,498,877,1,1,Skin Cutaneous Melanoma
TCGA-DA-A3F5,TCGA_SKCM,Stage I,NA,T1a,N0,1994,No,NA,NA,NA,NA,NA,NA,NA,white,male,45,6826,6873,1,1,Skin Cutaneous Melanoma
TCGA-BF-A1PX,TCGA_SKCM,Stage IIIB,NA,T4b,N2a,2010,No,NA,NA,NA,NA,78,175,25.46938776,white,male,56,NA,282,0,1,Skin Cutaneous Melanoma
TCGA-EE-A184,TCGA_SKCM,Stage IB,NA,T2a,N0,2003,NA,NA,NA,NA,NA,NA,NA,NA,white,male,72,NA,2073,0,1,Skin Cutaneous Melanoma
TCGA-GN-A4U9,TCGA_SKCM,Stage IIIC,NA,T2b,N3,2012,No,NA,NA,NA,NA,104,176,33.57438017,white,male,71,384,673,1,1,Skin Cutaneous Melanoma
TCGA-D9-A4Z3,TCGA_SKCM,Stage IIIC,NA,T4b,N1b,2012,No,NA,NA,NA,NA,70,170,24.22145329,white,female,73,505,NA,1,0,Skin Cutaneous Melanoma
TCGA-FR-A726,TCGA_SKCM,Stage IIC,NA,T4b,N0,2013,No,NA,NA,NA,NA,81,179,25.28010986,white,male,90,0,0,1,1,Skin Cutaneous Melanoma
TCGA-EE-A3AD,TCGA_SKCM,Stage III,NA,T0,N1b,2009,No,NA,NA,NA,NA,NA,NA,NA,white,male,50,112,875,1,1,Skin Cutaneous Melanoma
TCGA-GN-A263,TCGA_SKCM,Stage IV,NA,T4b,N3,2004,No,NA,NA,NA,NA,92,170,31.83391003,white,male,24,NA,467,0,1,Skin Cutaneous Melanoma
TCGA-EB-A1NK,TCGA_SKCM,Stage IIC,NA,T4b,N0,2010,No,NA,NA,NA,NA,132,184,38.98865784,white,male,48,1039,NA,1,0,Skin Cutaneous Melanoma
TCGA-W3-A825,TCGA_SKCM,Stage II,NA,T3,N0,1998,No,NA,NA,NA,NA,77,162,29.34003963,white,female,60,NA,1917,0,1,Skin Cutaneous Melanoma
TCGA-LH-A9QB,TCGA_SKCM,NA,NA,NA,NA,1984,No,NA,NA,NA,NA,86,160,33.59375,white,female,24,11217,NA,1,0,Skin Cutaneous Melanoma
TCGA-IH-A3EA,TCGA_SKCM,Stage IIC,NA,T4b,N0,2008,No,NA,NA,NA,NA,81,175,26.44897959,white,male,61,524,NA,1,0,Skin Cutaneous Melanoma
TCGA-FW-A3I3,TCGA_SKCM,Stage IV,NA,NA,N0,2011,No,NA,NA,NA,NA,105,173,35.08302984,white,female,59,531,NA,1,0,Skin Cutaneous Melanoma
TCGA-BF-A3DL,TCGA_SKCM,Stage IIIB,NA,T3b,N2,2011,No,NA,NA,NA,NA,62,158,24.8357635,white,female,84,769,NA,1,0,Skin Cutaneous Melanoma
TCGA-EE-A17Y,TCGA_SKCM,Stage IIIB,NA,T3b,N1a,2007,No,NA,NA,NA,NA,NA,NA,NA,asian,male,69,NA,828,0,1,Skin Cutaneous Melanoma
TCGA-GN-A8LL,TCGA_SKCM,Stage IIC,NA,T4b,NX,2012,No,NA,NA,NA,NA,89,154,37.52740766,white,female,68,NA,650,0,1,Skin Cutaneous Melanoma
TCGA-D3-A8GO,TCGA_SKCM,NA,NA,T2,N0,1996,No,NA,NA,NA,NA,69,167,24.74093729,white,female,NA,NA,NA,0,0,Skin Cutaneous Melanoma
TCGA-EE-A17Z,TCGA_SKCM,Stage IIB,NA,T4a,N0,2008,No,NA,NA,NA,NA,NA,NA,NA,white,male,57,NA,263,0,1,Skin Cutaneous Melanoma
TCGA-BF-A1PU,TCGA_SKCM,Stage IIC,NA,T4b,N0,2010,No,NA,NA,NA,NA,58,160,22.65625,white,female,46,387,NA,1,0,Skin Cutaneous Melanoma
TCGA-FR-A8YC,TCGA_SKCM,Stage IIB,NA,T3b,N0,2011,No,NA,NA,NA,NA,74,168,26.21882086,white,male,78,NA,1059,0,1,Skin Cutaneous Melanoma
TCGA-D3-A1Q3,TCGA_SKCM,Stage IIC,NA,T4b,N0,2001,No,NA,NA,NA,NA,108,182,32.60475788,white,male,64,NA,507,0,1,Skin Cutaneous Melanoma
TCGA-FS-A1Z7,TCGA_SKCM,Stage IIIC,NA,T4b,N1b,2005,No,NA,NA,NA,NA,NA,NA,NA,white,male,19,NA,237,0,1,Skin Cutaneous Melanoma
TCGA-D3-A2JO,TCGA_SKCM,Stage IIIC,NA,TX,N3,2008,No,NA,NA,NA,NA,77,174,25.43268596,white,female,50,2010,NA,1,0,Skin Cutaneous Melanoma
TCGA-EB-A6QZ,TCGA_SKCM,Stage IIA,NA,T3a,N0,2013,No,NA,NA,NA,NA,60,162,22.86236854,white,female,76,-3,352,1,1,Skin Cutaneous Melanoma
TCGA-EE-A2A6,TCGA_SKCM,Stage IA,NA,T1a,N0,2006,No,NA,NA,NA,NA,NA,NA,NA,white,male,43,2620,NA,1,0,Skin Cutaneous Melanoma
TCGA-EE-A3AF,TCGA_SKCM,Stage IIIC,NA,T0,N3,2009,No,NA,NA,NA,NA,NA,NA,NA,white,female,48,NA,420,0,1,Skin Cutaneous Melanoma
TCGA-D9-A1JX,TCGA_SKCM,NA,NA,TX,NX,2010,No,NA,NA,NA,NA,86,160,33.59375,white,female,80,195,216,1,1,Skin Cutaneous Melanoma
TCGA-D3-A51K,TCGA_SKCM,Stage IIIB,NA,Tis,N2b,2011,No,NA,NA,NA,NA,90,173,30.07116843,white,male,51,1002,NA,1,0,Skin Cutaneous Melanoma
TCGA-D3-A51R,TCGA_SKCM,Stage IIA,NA,T3a,N0,2008,No,NA,NA,NA,NA,72,181,21.97735112,white,male,60,1941,NA,1,0,Skin Cutaneous Melanoma
TCGA-EB-A4OZ,TCGA_SKCM,Stage IIIC,NA,T4a,N3,2012,No,NA,NA,NA,NA,80,170,27.6816609,white,female,41,620,NA,1,0,Skin Cutaneous Melanoma
TCGA-D9-A4Z5,TCGA_SKCM,Stage IIB,NA,T4a,N0,2012,No,NA,NA,NA,NA,112,176,36.15702479,white,male,68,218,NA,1,0,Skin Cutaneous Melanoma
TCGA-GF-A3OT,TCGA_SKCM,Stage IIIC,NA,T3,N3,2011,No,NA,NA,NA,NA,66,NA,NA,white,female,58,301,NA,1,0,Skin Cutaneous Melanoma
TCGA-OD-A75X,TCGA_SKCM,NA,NA,TX,NX,1989,No,NA,NA,NA,NA,103,182,31.09527835,white,male,49,8966,9061,1,1,Skin Cutaneous Melanoma
TCGA-EE-A29W,TCGA_SKCM,Stage 0,NA,Tis,N0,1997,No,NA,NA,NA,NA,NA,NA,NA,white,male,42,5932,NA,1,0,Skin Cutaneous Melanoma
TCGA-3N-A9WB,TCGA_SKCM,Stage IA,NA,T1a,NX,2012,No,NA,NA,NA,NA,78,175,25.46938776,white,male,71,NA,518,0,1,Skin Cutaneous Melanoma
TCGA-FS-A1ZG,TCGA_SKCM,Stage IIIC,NA,T4b,N2b,2007,No,NA,NA,NA,NA,NA,NA,NA,white,female,60,NA,295,0,1,Skin Cutaneous Melanoma
TCGA-YG-AA3O,TCGA_SKCM,NA,NA,NA,NA,2011,No,NA,NA,NA,NA,92,173,30.73941662,NA,male,62,1096,1154,1,1,Skin Cutaneous Melanoma
TCGA-ER-A19Q,TCGA_SKCM,NA,NA,NA,N0,2001,No,NA,NA,NA,NA,NA,NA,NA,white,female,37,NA,1548,0,1,Skin Cutaneous Melanoma
TCGA-EE-A2MF,TCGA_SKCM,Stage I,NA,T2,N0,1979,No,NA,NA,NA,NA,NA,NA,NA,white,female,39,NA,8174,0,1,Skin Cutaneous Melanoma
TCGA-DA-A1I4,TCGA_SKCM,Stage IIIC,NA,T3b,N2b,2006,No,NA,NA,NA,NA,72,170,24.91349481,white,male,51,823,1093,1,1,Skin Cutaneous Melanoma
TCGA-FW-A3TV,TCGA_SKCM,Stage IIIB,NA,T1,N2b,2012,No,NA,NA,NA,NA,86,165,31.58861341,white,female,57,411,NA,1,0,Skin Cutaneous Melanoma
TCGA-DA-A3F8,TCGA_SKCM,Stage IIIB,NA,T2a,N2b,2011,No,NA,NA,NA,NA,NA,NA,NA,white,male,39,1319,NA,1,0,Skin Cutaneous Melanoma
TCGA-ER-A199,TCGA_SKCM,Stage IIIC,NA,T4b,N3,2007,No,NA,NA,NA,NA,NA,NA,NA,white,female,86,NA,279,0,1,Skin Cutaneous Melanoma
TCGA-QB-A6FS,TCGA_SKCM,Stage IIIC,NA,T0,N3,2013,No,NA,NA,NA,NA,78,184,23.03875236,white,male,49,220,NA,1,0,Skin Cutaneous Melanoma
TCGA-BF-A3DM,TCGA_SKCM,Stage IIA,NA,T2b,N0,2011,No,NA,NA,NA,NA,97,172,32.78799351,white,male,63,601,NA,1,0,Skin Cutaneous Melanoma
TCGA-EE-A2MS,TCGA_SKCM,Stage II,NA,T3a,N0,1999,No,NA,NA,NA,NA,NA,NA,NA,white,male,72,4942,NA,1,0,Skin Cutaneous Melanoma
TCGA-EB-A5UL,TCGA_SKCM,Stage III,NA,TX,N1,2012,No,NA,NA,NA,NA,80,183,23.88844098,white,male,71,891,NA,1,0,Skin Cutaneous Melanoma
TCGA-FS-A1ZM,TCGA_SKCM,Stage III,NA,T2,N2c,2001,No,NA,NA,NA,NA,NA,NA,NA,white,male,74,3080,NA,1,0,Skin Cutaneous Melanoma
TCGA-FR-A3YN,TCGA_SKCM,Stage IB,NA,T2a,N0,2005,No,NA,NA,NA,NA,89,179,27.77691083,white,male,44,2828,NA,1,0,Skin Cutaneous Melanoma
TCGA-FS-A4F0,TCGA_SKCM,Stage IIB,NA,T4a,N0,2003,No,NA,NA,NA,NA,NA,NA,NA,white,female,67,2367,NA,1,0,Skin Cutaneous Melanoma
TCGA-D3-A5GS,TCGA_SKCM,Stage IV,NA,T1b,N1b,2012,No,NA,NA,NA,NA,99,172,33.46403461,white,male,58,553,NA,1,0,Skin Cutaneous Melanoma
TCGA-EB-A553,TCGA_SKCM,Stage IIC,NA,T4b,N0,2012,No,NA,NA,NA,NA,74,164,27.51338489,white,male,62,226,NA,1,0,Skin Cutaneous Melanoma
TCGA-EB-A24D,TCGA_SKCM,Stage IIIB,NA,T4a,N2b,2011,No,NA,NA,NA,NA,86,175,28.08163265,white,male,72,645,NA,1,0,Skin Cutaneous Melanoma
TCGA-D3-A8GP,TCGA_SKCM,Stage III,NA,T2,N2c,2002,No,NA,NA,NA,NA,72,175,23.51020408,white,male,77,4638,NA,1,0,Skin Cutaneous Melanoma
TCGA-D9-A149,TCGA_SKCM,NA,NA,TX,N1b,2007,No,NA,NA,NA,NA,87,164,32.34681737,white,female,65,1663,NA,1,0,Skin Cutaneous Melanoma
TCGA-EE-A2A0,TCGA_SKCM,Stage IIA,NA,T3a,N0,2006,No,NA,NA,NA,NA,NA,NA,NA,white,female,77,NA,1424,0,1,Skin Cutaneous Melanoma
TCGA-FS-A1ZZ,TCGA_SKCM,Stage IIB,NA,T3b,N0,2006,No,NA,NA,NA,NA,NA,NA,NA,white,female,54,NA,822,0,1,Skin Cutaneous Melanoma
TCGA-EE-A2MC,TCGA_SKCM,Stage I,NA,T2,N0,2000,No,NA,NA,NA,NA,NA,NA,NA,white,male,73,NA,1871,0,1,Skin Cutaneous Melanoma
TCGA-EB-A5VU,TCGA_SKCM,Stage IIIB,NA,T4b,N1,2012,No,NA,NA,NA,NA,60,160,23.4375,asian,male,56,12,321,1,1,Skin Cutaneous Melanoma
TCGA-D9-A4Z6,TCGA_SKCM,Stage IIIC,NA,T3b,N1b,2012,No,NA,NA,NA,NA,88,178,27.77427093,white,male,54,338,561,1,1,Skin Cutaneous Melanoma
TCGA-DA-A95X,TCGA_SKCM,Stage IB,NA,T2a,N0,2009,No,NA,NA,NA,NA,NA,NA,NA,white,male,62,2249,NA,1,0,Skin Cutaneous Melanoma
TCGA-EE-A20C,TCGA_SKCM,Stage 0,NA,Tis,N0,1997,No,NA,NA,NA,NA,NA,NA,NA,white,male,59,NA,4601,0,1,Skin Cutaneous Melanoma
TCGA-ER-A1A1,TCGA_SKCM,Stage IIIC,NA,TX,N3,2005,No,NA,NA,NA,NA,NA,NA,NA,white,male,58,3196,NA,1,0,Skin Cutaneous Melanoma
TCGA-GN-A267,TCGA_SKCM,Stage IIIA,NA,T4a,N1a,2005,No,NA,NA,NA,NA,96,167,34.42217362,white,male,38,NA,1960,0,1,Skin Cutaneous Melanoma
TCGA-D3-A8GS,TCGA_SKCM,Stage I,NA,T1,N0,1997,No,NA,NA,NA,NA,111,181,33.88174964,white,male,52,NA,3564,0,1,Skin Cutaneous Melanoma
TCGA-BF-AAP4,TCGA_SKCM,Stage IIC,NA,T4b,N0,2013,No,NA,NA,NA,NA,86,176,27.76342975,white,male,61,335,NA,1,0,Skin Cutaneous Melanoma
TCGA-YG-AA3P,TCGA_SKCM,Stage IIB,NA,T4a,N0,2013,No,NA,NA,NA,NA,64,160,25,NA,female,63,439,NA,1,0,Skin Cutaneous Melanoma
TCGA-EE-A29G,TCGA_SKCM,Stage IIIA,NA,T4a,N2a,2003,No,NA,NA,NA,NA,NA,NA,NA,white,male,53,NA,2192,0,1,Skin Cutaneous Melanoma
TCGA-EE-A2MJ,TCGA_SKCM,Stage III,NA,T4b,N0,1999,No,NA,NA,NA,NA,NA,NA,NA,white,male,60,NA,2927,0,1,Skin Cutaneous Melanoma
TCGA-EE-A2M6,TCGA_SKCM,Stage I,NA,T1,N0,1997,No,NA,NA,NA,NA,NA,NA,NA,white,male,61,3932,NA,1,0,Skin Cutaneous Melanoma
TCGA-EB-A3XD,TCGA_SKCM,Stage IIC,NA,T4b,NX,2011,No,NA,NA,NA,NA,80,164,29.74419988,white,female,53,1160,NA,1,0,Skin Cutaneous Melanoma
TCGA-EE-A180,TCGA_SKCM,Stage III,NA,T4a,N0,2001,NA,NA,NA,NA,NA,NA,NA,NA,white,male,69,NA,2889,0,1,Skin Cutaneous Melanoma
TCGA-W3-A828,TCGA_SKCM,Stage II,NA,T3,N0,1997,No,NA,NA,NA,NA,91,180,28.08641975,white,male,66,NA,3683,0,1,Skin Cutaneous Melanoma
TCGA-GN-A9SD,TCGA_SKCM,Stage IA,NA,T1a,NX,2009,No,NA,NA,NA,NA,97,158,38.85595257,white,female,59,NA,1807,0,1,Skin Cutaneous Melanoma
TCGA-D3-A2JG,TCGA_SKCM,Stage IIIA,NA,T3a,N1a,2001,No,NA,NA,NA,NA,89,165,32.69054178,white,female,30,NA,3453,0,1,Skin Cutaneous Melanoma
TCGA-ER-A3ES,TCGA_SKCM,NA,NA,NA,NA,1987,No,NA,NA,NA,NA,NA,NA,NA,white,male,25,NA,7514,0,1,Skin Cutaneous Melanoma
TCGA-EE-A2GS,TCGA_SKCM,Stage IB,NA,T2a,N0,2006,No,NA,NA,NA,NA,NA,NA,NA,white,female,28,1691,2470,1,1,Skin Cutaneous Melanoma
TCGA-DA-A95Z,TCGA_SKCM,Stage IV,NA,TX,N0,2013,No,NA,NA,NA,NA,NA,NA,NA,white,male,87,396,NA,1,0,Skin Cutaneous Melanoma
TCGA-3N-A9WC,TCGA_SKCM,Stage IIA,NA,T2b,NX,2009,No,NA,NA,NA,NA,68,183,20.30517483,white,male,82,2022,NA,1,0,Skin Cutaneous Melanoma
TCGA-ER-A19M,TCGA_SKCM,Stage IB,NA,T2a,N0,2006,No,NA,NA,NA,NA,NA,NA,NA,white,male,36,NA,1857,0,1,Skin Cutaneous Melanoma
TCGA-EE-A3AB,TCGA_SKCM,Stage III,NA,T0,N2a,2001,No,NA,NA,NA,NA,NA,NA,NA,white,male,30,3733,NA,1,0,Skin Cutaneous Melanoma
TCGA-RP-A6K9,TCGA_SKCM,NA,NA,NA,NA,2001,No,NA,NA,NA,NA,48,162,18.28989483,white,female,NA,NA,NA,0,0,Skin Cutaneous Melanoma
TCGA-GN-A26C,TCGA_SKCM,Stage IIIC,NA,T4b,N2b,2006,No,NA,NA,NA,NA,101,NA,NA,white,male,77,NA,821,0,1,Skin Cutaneous Melanoma
TCGA-EB-A5KH,TCGA_SKCM,Stage III,NA,T0,N1,2011,No,NA,NA,NA,NA,62,172,20.9572742,asian,male,55,543,619,1,1,Skin Cutaneous Melanoma
TCGA-EB-A5UM,TCGA_SKCM,Stage IIC,NA,T4b,N0,2012,No,NA,NA,NA,NA,60,162,22.86236854,white,female,48,779,NA,1,0,Skin Cutaneous Melanoma
TCGA-EB-A550,TCGA_SKCM,Stage IIC,NA,T4b,NX,2012,No,NA,NA,NA,NA,70,158,28.04037814,white,female,75,6,264,1,1,Skin Cutaneous Melanoma
TCGA-D9-A1X3,TCGA_SKCM,NA,NA,T4b,N2b,2010,No,NA,NA,NA,NA,95,170,32.87197232,white,male,63,551,NA,1,0,Skin Cutaneous Melanoma
TCGA-ER-A19B,TCGA_SKCM,NA,NA,TX,N0,2000,No,NA,NA,NA,NA,NA,NA,NA,white,male,42,NA,2993,0,1,Skin Cutaneous Melanoma
TCGA-ER-A19D,TCGA_SKCM,Stage IB,NA,T2a,N0,2004,No,NA,NA,NA,NA,NA,NA,NA,white,female,46,NA,383,0,1,Skin Cutaneous Melanoma
TCGA-FS-A1ZS,TCGA_SKCM,Stage I,NA,T2,N0,1998,No,NA,NA,NA,NA,NA,NA,NA,white,male,54,4526,NA,1,0,Skin Cutaneous Melanoma
TCGA-WE-A8K4,TCGA_SKCM,Stage IIB,NA,T4a,NX,2013,NA,NA,NA,NA,NA,NA,NA,NA,white,male,85,614,NA,1,0,Skin Cutaneous Melanoma
TCGA-D3-A8GM,TCGA_SKCM,Stage IIB,NA,T3b,N0,2005,No,NA,NA,NA,NA,75,168,26.57312925,white,male,73,2897,3259,1,1,Skin Cutaneous Melanoma
TCGA-WE-AA9Y,TCGA_SKCM,Stage IIIC,NA,T2a,N3,2013,No,NA,NA,NA,NA,NA,NA,NA,white,male,37,370,NA,1,0,Skin Cutaneous Melanoma
TCGA-EB-A5UN,TCGA_SKCM,Stage IIC,NA,T4b,NX,2009,No,NA,NA,NA,NA,62,180,19.13580247,white,male,49,1792,NA,1,0,Skin Cutaneous Melanoma
TCGA-EE-A3J5,TCGA_SKCM,Stage III,NA,T4a,N1,2000,No,NA,NA,NA,NA,NA,NA,NA,white,male,71,NA,1124,0,1,Skin Cutaneous Melanoma
TCGA-Z2-AA3V,TCGA_SKCM,Stage IA,NA,T1a,N0,2013,No,NA,NA,NA,NA,63,166,22.86253448,white,female,57,486,NA,1,0,Skin Cutaneous Melanoma
TCGA-EE-A2MG,TCGA_SKCM,Stage I,NA,T2,N0,1997,No,NA,NA,NA,NA,NA,NA,NA,white,male,23,NA,3139,0,1,Skin Cutaneous Melanoma
TCGA-EE-A2A2,TCGA_SKCM,Stage IIIC,NA,T4b,N1b,2009,No,NA,NA,NA,NA,NA,NA,NA,white,male,71,1814,NA,1,0,Skin Cutaneous Melanoma
TCGA-EE-A2GE,TCGA_SKCM,Stage I,NA,T2,N0,1999,No,NA,NA,NA,NA,NA,NA,NA,white,male,44,5286,NA,1,0,Skin Cutaneous Melanoma
TCGA-D3-A2JN,TCGA_SKCM,Stage III,NA,T0,N1b,2007,No,NA,NA,NA,NA,76,163,28.60476495,white,female,46,1709,2022,1,1,Skin Cutaneous Melanoma
TCGA-FS-A4F5,TCGA_SKCM,Stage IB,NA,T2a,N0,2005,No,NA,NA,NA,NA,NA,NA,NA,white,female,77,NA,874,0,1,Skin Cutaneous Melanoma
TCGA-ER-A196,TCGA_SKCM,Stage IIC,NA,T4b,N0,2007,No,NA,NA,NA,NA,NA,NA,NA,white,female,64,1785,NA,1,0,Skin Cutaneous Melanoma
TCGA-EE-A29Q,TCGA_SKCM,Stage IIB,NA,T3b,N0,2007,No,NA,NA,NA,NA,NA,NA,NA,white,female,70,1136,2030,1,1,Skin Cutaneous Melanoma
TCGA-D3-A1Q6,TCGA_SKCM,Stage III,NA,T4,N1b,2003,No,NA,NA,NA,NA,81,175,26.44897959,white,male,55,NA,2184,0,1,Skin Cutaneous Melanoma
TCGA-D9-A3Z4,TCGA_SKCM,Stage IIIC,NA,T4b,N3,2012,No,NA,NA,NA,NA,90,175,29.3877551,white,male,54,119,519,1,1,Skin Cutaneous Melanoma
TCGA-RP-A693,TCGA_SKCM,Stage IV,NA,TX,NX,2008,No,NA,NA,NA,NA,81,178,25.56495392,white,male,77,10,NA,1,0,Skin Cutaneous Melanoma
TCGA-FS-A4FC,TCGA_SKCM,Stage IIA,NA,T3a,N0,2007,No,NA,NA,NA,NA,NA,NA,NA,white,female,75,1504,1655,1,1,Skin Cutaneous Melanoma
TCGA-DA-A1HV,TCGA_SKCM,Stage IIIB,NA,T0,N2b,2008,No,NA,NA,NA,NA,NA,NA,NA,white,female,75,2329,NA,1,0,Skin Cutaneous Melanoma
TCGA-EE-A2MN,TCGA_SKCM,Stage I,NA,T2,N0,2000,No,NA,NA,NA,NA,NA,NA,NA,white,male,58,NA,1446,0,1,Skin Cutaneous Melanoma
TCGA-D3-A1Q9,TCGA_SKCM,Stage IIIB,NA,T4b,N2a,2005,No,NA,NA,NA,NA,98,177,31.28092183,white,male,72,NA,961,0,1,Skin Cutaneous Melanoma
TCGA-EB-A3XE,TCGA_SKCM,Stage IIA,NA,T3a,N0,2012,No,NA,NA,NA,NA,62,158,24.8357635,white,female,77,180,NA,1,0,Skin Cutaneous Melanoma
TCGA-Z2-AA3S,TCGA_SKCM,Stage IA,NA,T1a,N0,2006,No,NA,NA,NA,NA,78,172,26.36560303,white,male,58,2950,NA,1,0,Skin Cutaneous Melanoma
TCGA-EB-A431,TCGA_SKCM,Stage IIC,NA,T4b,N0,2012,No,NA,NA,NA,NA,62,170,21.4532872,white,male,34,568,NA,1,0,Skin Cutaneous Melanoma
TCGA-DA-A3F3,TCGA_SKCM,Stage IIIB,NA,T0,N2b,2010,No,NA,NA,NA,NA,NA,NA,NA,white,male,52,151,319,1,1,Skin Cutaneous Melanoma
TCGA-D3-A3BZ,TCGA_SKCM,Stage IIB,NA,T4a,N0,2002,No,NA,NA,NA,NA,99,170,34.25605536,white,male,63,3976,NA,1,0,Skin Cutaneous Melanoma
TCGA-EE-A2GB,TCGA_SKCM,Stage IIIB,NA,T2b,N1a,2007,No,NA,NA,NA,NA,NA,NA,NA,white,male,51,1803,NA,1,0,Skin Cutaneous Melanoma
TCGA-EE-A2MT,TCGA_SKCM,Stage IB,NA,T2a,N0,2007,No,NA,NA,NA,NA,NA,NA,NA,white,male,45,2166,NA,1,0,Skin Cutaneous Melanoma
TCGA-D3-A1Q8,TCGA_SKCM,Stage IV,NA,T0,N3,2004,No,NA,NA,NA,NA,161,187,46.04077898,white,male,33,NA,854,0,1,Skin Cutaneous Melanoma
TCGA-FR-A2OS,TCGA_SKCM,Stage IIC,NA,T4b,N0,2008,No,NA,NA,NA,NA,84,164,31.23140988,white,female,49,NA,368,0,1,Skin Cutaneous Melanoma
TCGA-EB-A24C,TCGA_SKCM,NA,NA,T4b,NX,2011,No,NA,NA,NA,NA,74,180,22.83950617,white,male,56,632,NA,1,0,Skin Cutaneous Melanoma
TCGA-EE-A29R,TCGA_SKCM,Stage IIIC,NA,T3b,N1b,2010,No,NA,NA,NA,NA,NA,NA,NA,white,female,48,440,NA,1,0,Skin Cutaneous Melanoma
TCGA-EE-A2M5,TCGA_SKCM,Stage I,NA,T2,N0,1999,No,NA,NA,NA,NA,NA,NA,NA,white,male,49,NA,659,0,1,Skin Cutaneous Melanoma
TCGA-FR-A7U9,TCGA_SKCM,Stage IIIC,NA,T3b,N3,2013,No,NA,NA,NA,NA,67,160,26.171875,white,female,63,571,NA,1,0,Skin Cutaneous Melanoma
TCGA-ER-A195,TCGA_SKCM,NA,NA,TX,N0,2005,No,NA,NA,NA,NA,NA,NA,NA,white,male,46,NA,1078,0,1,Skin Cutaneous Melanoma
TCGA-D9-A148,TCGA_SKCM,NA,NA,TX,N3,1999,No,NA,NA,NA,NA,84,179,26.21641022,white,male,40,4609,NA,1,0,Skin Cutaneous Melanoma
TCGA-EE-A2MD,TCGA_SKCM,Stage II,NA,T3a,N0,1998,No,NA,NA,NA,NA,NA,NA,NA,white,male,52,NA,1438,0,1,Skin Cutaneous Melanoma
TCGA-EB-A5SE,TCGA_SKCM,Stage IIB,NA,T3b,NX,2012,No,NA,NA,NA,NA,77,183,22.99262444,white,male,73,0,401,1,1,Skin Cutaneous Melanoma
TCGA-D3-A2JH,TCGA_SKCM,Stage IB,NA,T1b,N0,2010,No,NA,NA,NA,NA,123,175,40.16326531,white,male,68,1280,NA,1,0,Skin Cutaneous Melanoma
TCGA-EB-A41B,TCGA_SKCM,Stage IIC,NA,T4b,N0,2012,No,NA,NA,NA,NA,53,150,23.55555556,white,female,76,291,NA,1,0,Skin Cutaneous Melanoma
TCGA-D3-A3MV,TCGA_SKCM,Stage IIIB,NA,T2b,N2a,2010,No,NA,NA,NA,NA,135,156,55.47337278,white,female,38,1378,NA,1,0,Skin Cutaneous Melanoma
TCGA-GN-A265,TCGA_SKCM,NA,NA,NA,NA,2004,No,NA,NA,NA,NA,85,NA,NA,white,male,53,2948,NA,1,0,Skin Cutaneous Melanoma
TCGA-EB-A97M,TCGA_SKCM,Stage IIC,NA,T4b,N0,2013,No,NA,NA,NA,NA,68,171,23.25501864,white,male,66,414,NA,1,0,Skin Cutaneous Melanoma
TCGA-DA-A1I1,TCGA_SKCM,Stage III,NA,T0,N2a,1996,No,NA,NA,NA,NA,NA,NA,NA,white,male,55,6768,NA,1,0,Skin Cutaneous Melanoma
TCGA-EB-A6R0,TCGA_SKCM,Stage IIC,NA,T4b,N0,2012,No,NA,NA,NA,NA,115,160,44.921875,white,female,58,467,608,1,1,Skin Cutaneous Melanoma
TCGA-ER-A19J,TCGA_SKCM,Stage IV,NA,TX,N3,2004,No,NA,NA,NA,NA,NA,NA,NA,white,male,54,196,196,1,1,Skin Cutaneous Melanoma
TCGA-FR-A7U8,TCGA_SKCM,Stage IIIC,NA,TX,N3,2012,No,NA,NA,NA,NA,75,183,22.39541342,white,male,50,847,NA,1,0,Skin Cutaneous Melanoma
TCGA-EB-A3Y6,TCGA_SKCM,Stage IIC,NA,T4b,N0,2012,No,NA,NA,NA,NA,65,168,23.03004535,white,female,56,126,NA,1,0,Skin Cutaneous Melanoma
TCGA-BF-AAP6,TCGA_SKCM,Stage III,NA,T4b,N2,2013,No,NA,NA,NA,NA,75,170,25.95155709,white,male,55,325,NA,1,0,Skin Cutaneous Melanoma
TCGA-D3-A1Q7,TCGA_SKCM,Stage IB,NA,T1b,N0,2002,No,NA,NA,NA,NA,79,170,27.33564014,white,female,42,4053,NA,1,0,Skin Cutaneous Melanoma
TCGA-GN-A26D,TCGA_SKCM,Stage IIC,NA,T4b,N0,2008,No,NA,NA,NA,NA,68,156,27.94214333,white,female,72,1204,1460,1,1,Skin Cutaneous Melanoma
TCGA-DA-A960,TCGA_SKCM,Stage IIB,NA,T3b,N0,2012,No,NA,NA,NA,NA,NA,NA,NA,white,male,73,804,NA,1,0,Skin Cutaneous Melanoma
TCGA-EE-A29D,TCGA_SKCM,Stage IIIC,NA,T3b,N1b,2008,No,NA,NA,NA,NA,NA,NA,NA,white,male,87,NA,425,0,1,Skin Cutaneous Melanoma
TCGA-ER-A3ET,TCGA_SKCM,Stage IIIA,NA,T3a,N1a,2005,No,NA,NA,NA,NA,NA,NA,NA,white,female,64,2443,2829,1,1,Skin Cutaneous Melanoma
TCGA-FS-A1ZK,TCGA_SKCM,Stage II,NA,T4,N0,2005,No,NA,NA,NA,NA,NA,NA,NA,white,male,68,NA,728,0,1,Skin Cutaneous Melanoma
TCGA-ER-A19S,TCGA_SKCM,NA,NA,NA,NA,2008,No,NA,NA,NA,NA,NA,NA,NA,white,female,81,1505,NA,1,0,Skin Cutaneous Melanoma
TCGA-ER-A2NC,TCGA_SKCM,Stage IB,NA,T2a,N0,2006,No,NA,NA,NA,NA,NA,NA,NA,white,male,50,NA,1333,0,1,Skin Cutaneous Melanoma
TCGA-EE-A185,TCGA_SKCM,Stage IIIC,NA,T4b,N3,2008,No,NA,NA,NA,NA,NA,NA,NA,white,female,55,NA,151,0,1,Skin Cutaneous Melanoma
TCGA-EB-A44R,TCGA_SKCM,Stage IIIB,NA,TX,N2b,2011,No,NA,NA,NA,NA,53,164,19.70553242,asian,male,52,309,315,1,1,Skin Cutaneous Melanoma
TCGA-BF-AAP2,TCGA_SKCM,Stage IIB,NA,T3b,N0,2013,No,NA,NA,NA,NA,75,173,25.05930703,white,male,62,405,NA,1,0,Skin Cutaneous Melanoma
TCGA-FS-A1ZH,TCGA_SKCM,Stage IV,NA,T3b,N2c,2003,No,NA,NA,NA,NA,NA,NA,NA,white,female,71,NA,996,0,1,Skin Cutaneous Melanoma
TCGA-BF-A5ER,TCGA_SKCM,Stage IIC,NA,T4b,N0,2012,No,NA,NA,NA,NA,93,180,28.7037037,white,male,63,327,NA,1,0,Skin Cutaneous Melanoma
TCGA-EE-A182,TCGA_SKCM,Stage IIIC,NA,T4b,N1b,2008,No,NA,NA,NA,NA,NA,NA,NA,white,female,84,NA,447,0,1,Skin Cutaneous Melanoma
TCGA-D3-A51T,TCGA_SKCM,Stage IIIC,NA,T4b,N1b,2011,No,NA,NA,NA,NA,92,152,39.8199446,white,female,59,818,NA,1,0,Skin Cutaneous Melanoma
TCGA-FS-A1ZF,TCGA_SKCM,Stage IIC,NA,T4b,N0,2007,NA,NA,NA,NA,NA,NA,NA,NA,white,female,78,NA,470,0,1,Skin Cutaneous Melanoma
TCGA-BF-AAOX,TCGA_SKCM,Stage IIC,NA,T4b,N0,2013,No,NA,NA,NA,NA,80,175,26.12244898,white,male,83,444,NA,1,0,Skin Cutaneous Melanoma
TCGA-FS-A1ZE,TCGA_SKCM,Stage IIC,NA,T4b,N0,2008,No,NA,NA,NA,NA,NA,NA,NA,white,male,40,1225,1413,1,1,Skin Cutaneous Melanoma
TCGA-EE-A29P,TCGA_SKCM,Stage IIC,NA,T4b,N0,2006,No,NA,NA,NA,NA,NA,NA,NA,white,female,73,1716,NA,1,0,Skin Cutaneous Melanoma
TCGA-GF-A6C8,TCGA_SKCM,Stage IIB,NA,T3b,NX,2012,No,NA,NA,NA,NA,67,167,24.02380867,white,female,62,62,NA,1,0,Skin Cutaneous Melanoma
TCGA-HR-A2OH,TCGA_SKCM,Stage IIIB,NA,T3b,N2a,NA,No,NA,NA,NA,NA,NA,169,NA,NA,female,46,NA,2004,0,1,Skin Cutaneous Melanoma
TCGA-EB-A430,TCGA_SKCM,Stage IIC,NA,T4b,N0,2012,No,NA,NA,NA,NA,85,168,30.11621315,white,male,83,-2,NA,1,0,Skin Cutaneous Melanoma
TCGA-D3-A3C3,TCGA_SKCM,NA,NA,TX,N0,1985,No,NA,NA,NA,NA,80,170,27.6816609,white,female,NA,NA,NA,0,0,Skin Cutaneous Melanoma
TCGA-EB-A44N,TCGA_SKCM,Stage IIC,NA,T4b,N0,2012,No,NA,NA,NA,NA,70,183,20.90238586,white,male,59,45,205,1,1,Skin Cutaneous Melanoma
TCGA-D9-A6E9,TCGA_SKCM,Stage IIIA,NA,T3a,N1,2013,No,NA,NA,NA,NA,89,165,32.69054178,white,female,75,301,NA,1,0,Skin Cutaneous Melanoma
TCGA-D3-A5GR,TCGA_SKCM,Stage III,NA,T1b,N1,1998,No,NA,NA,NA,NA,114,162,43.43850023,white,female,23,5424,NA,1,0,Skin Cutaneous Melanoma
TCGA-FS-A1YW,TCGA_SKCM,Stage IB,NA,T1b,N0,1987,No,NA,NA,NA,NA,NA,NA,NA,white,male,52,NA,6598,0,1,Skin Cutaneous Melanoma
TCGA-ER-A42K,TCGA_SKCM,Stage IIIC,NA,T4b,N3,2012,No,NA,NA,NA,NA,NA,NA,NA,white,female,40,206,394,1,1,Skin Cutaneous Melanoma
TCGA-ER-A19G,TCGA_SKCM,NA,NA,NA,N0,1987,No,NA,NA,NA,NA,NA,NA,NA,white,female,48,9188,NA,1,0,Skin Cutaneous Melanoma
TCGA-D3-A3CC,TCGA_SKCM,Stage IIC,NA,T4b,N0,2005,No,NA,NA,NA,NA,87,164,32.34681737,white,female,69,2644,NA,1,0,Skin Cutaneous Melanoma
TCGA-EE-A2M8,TCGA_SKCM,Stage III,NA,T3a,N1,2000,No,NA,NA,NA,NA,NA,NA,NA,white,female,54,NA,601,0,1,Skin Cutaneous Melanoma
TCGA-ER-A42H,TCGA_SKCM,NA,NA,NA,NA,2010,No,NA,NA,NA,NA,NA,NA,NA,white,male,76,NA,426,0,1,Skin Cutaneous Melanoma
TCGA-DA-A95Y,TCGA_SKCM,Stage IIC,NA,T4b,N0,2012,No,NA,NA,NA,NA,NA,NA,NA,white,male,68,302,430,1,1,Skin Cutaneous Melanoma
TCGA-WE-A8K5,TCGA_SKCM,Stage IV,NA,T2a,N3,2009,NA,NA,NA,NA,NA,NA,NA,NA,white,male,65,1654,1860,1,1,Skin Cutaneous Melanoma
TCGA-EE-A2ML,TCGA_SKCM,Stage II,NA,T3a,N0,1994,No,NA,NA,NA,NA,NA,NA,NA,white,male,35,6176,6590,1,1,Skin Cutaneous Melanoma
TCGA-D3-A8GB,TCGA_SKCM,Stage IIIB,NA,T3a,N1b,2003,No,NA,NA,NA,NA,89,183,26.57589059,white,male,48,NA,938,0,1,Skin Cutaneous Melanoma
TCGA-FW-A3TU,TCGA_SKCM,NA,NA,NA,NA,2007,No,NA,NA,NA,NA,NA,NA,NA,white,female,72,1446,1691,1,1,Skin Cutaneous Melanoma
TCGA-D3-A3CB,TCGA_SKCM,NA,NA,T2,N0,1999,No,NA,NA,NA,NA,86,173,28.73467206,white,male,39,5065,NA,1,0,Skin Cutaneous Melanoma
TCGA-EE-A2GL,TCGA_SKCM,Stage IIA,NA,T3a,N0,2006,No,NA,NA,NA,NA,NA,NA,NA,white,female,40,2423,NA,1,0,Skin Cutaneous Melanoma
TCGA-EE-A181,TCGA_SKCM,Stage II,NA,T3,N0,2005,No,NA,NA,NA,NA,NA,NA,NA,white,female,82,NA,1026,0,1,Skin Cutaneous Melanoma
TCGA-WE-AAA0,TCGA_SKCM,Stage IA,NA,T1a,N0,2011,No,NA,NA,NA,NA,NA,NA,NA,white,male,47,1229,NA,1,0,Skin Cutaneous Melanoma
TCGA-EE-A29B,TCGA_SKCM,Stage IIB,NA,T3b,N0,2004,No,NA,NA,NA,NA,NA,NA,NA,white,male,67,2452,2588,1,1,Skin Cutaneous Melanoma
TCGA-BF-AAP8,TCGA_SKCM,Stage IIC,NA,T4b,N0,2013,No,NA,NA,NA,NA,65,159,25.71100827,white,male,58,447,NA,1,0,Skin Cutaneous Melanoma
TCGA-FS-A1ZN,TCGA_SKCM,Stage IIIA,NA,T4b,N1a,2002,No,NA,NA,NA,NA,NA,NA,NA,white,male,43,NA,730,0,1,Skin Cutaneous Melanoma
TCGA-GN-A4U5,TCGA_SKCM,Stage IB,NA,T2a,NX,2011,No,NA,NA,NA,NA,84,157,34.0784616,white,female,61,1156,NA,1,0,Skin Cutaneous Melanoma
TCGA-FS-A4F2,TCGA_SKCM,Stage IIC,NA,T4b,N0,2003,No,NA,NA,NA,NA,NA,NA,NA,white,female,46,NA,1525,0,1,Skin Cutaneous Melanoma
TCGA-FS-A1ZY,TCGA_SKCM,Stage IIB,NA,T3b,N0,2006,No,NA,NA,NA,NA,NA,NA,NA,white,male,71,NA,824,0,1,Skin Cutaneous Melanoma
TCGA-EE-A20B,TCGA_SKCM,Stage II,NA,T3,N0,2002,No,NA,NA,NA,NA,NA,NA,NA,white,female,66,4070,NA,1,0,Skin Cutaneous Melanoma
TCGA-EE-A3J3,TCGA_SKCM,Stage IB,NA,T2,N0,1986,No,NA,NA,NA,NA,NA,NA,NA,white,male,42,NA,5237,0,1,Skin Cutaneous Melanoma
TCGA-EB-A3Y7,TCGA_SKCM,Stage IIIB,NA,T3a,N2c,2012,No,NA,NA,NA,NA,55,146,25.8022143,white,female,86,0,326,1,1,Skin Cutaneous Melanoma
TCGA-EE-A3AH,TCGA_SKCM,Stage II,NA,T3b,N0,1998,No,NA,NA,NA,NA,NA,NA,NA,white,male,30,NA,4222,0,1,Skin Cutaneous Melanoma
TCGA-EB-A44Q,TCGA_SKCM,Stage IIIC,NA,TX,N3,2012,No,NA,NA,NA,NA,47,154,19.81784449,asian,female,51,422,NA,1,0,Skin Cutaneous Melanoma
TCGA-DA-A3F2,TCGA_SKCM,Stage IIIB,NA,T4a,N2b,2010,No,NA,NA,NA,NA,87,NA,NA,white,male,55,1025,1032,1,1,Skin Cutaneous Melanoma
TCGA-FS-A1YY,TCGA_SKCM,Stage IIA,NA,T3a,N0,1987,No,NA,NA,NA,NA,NA,NA,NA,white,female,55,NA,6953,0,1,Skin Cutaneous Melanoma
TCGA-EE-A2GO,TCGA_SKCM,Stage II,NA,T3b,N0,2002,NA,NA,NA,NA,NA,NA,NA,NA,white,female,66,3857,NA,1,0,Skin Cutaneous Melanoma
TCGA-GN-A4U4,TCGA_SKCM,Stage IIA,NA,T2b,NX,2011,No,NA,NA,NA,NA,85,175,27.75510204,white,male,73,1197,NA,1,0,Skin Cutaneous Melanoma
TCGA-EE-A29V,TCGA_SKCM,Stage IIIC,NA,T3b,N1b,2008,No,NA,NA,NA,NA,NA,NA,NA,white,male,85,NA,787,0,1,Skin Cutaneous Melanoma
TCGA-EE-A29M,TCGA_SKCM,Stage IB,NA,T2a,N0,2007,No,NA,NA,NA,NA,NA,NA,NA,white,female,33,1729,NA,1,0,Skin Cutaneous Melanoma
TCGA-EE-A3AG,TCGA_SKCM,Stage III,NA,T0,N2c,2009,No,NA,NA,NA,NA,NA,NA,NA,white,male,25,714,1265,1,1,Skin Cutaneous Melanoma
TCGA-D3-A8GJ,TCGA_SKCM,Stage II,NA,T3,N0,1994,No,NA,NA,NA,NA,85,192,23.05772569,white,male,18,7342,NA,1,0,Skin Cutaneous Melanoma
TCGA-D3-A2JD,TCGA_SKCM,Stage IIIC,NA,T4b,N1b,2007,No,NA,NA,NA,NA,73,183,21.79820239,white,male,58,NA,361,0,1,Skin Cutaneous Melanoma
TCGA-GF-A6C9,TCGA_SKCM,Stage IIIB,NA,NA,NA,2012,No,NA,NA,NA,NA,87,172,29.40778799,white,male,78,480,NA,1,0,Skin Cutaneous Melanoma
TCGA-EE-A3JA,TCGA_SKCM,Stage IB,NA,T2a,N0,2006,No,NA,NA,NA,NA,NA,NA,NA,white,male,44,NA,1618,0,1,Skin Cutaneous Melanoma
TCGA-EB-A4IQ,TCGA_SKCM,Stage IIIB,NA,T4b,N1,2012,No,NA,NA,NA,NA,40,150,17.77777778,asian,female,42,414,636,1,1,Skin Cutaneous Melanoma
TCGA-FS-A4FD,TCGA_SKCM,Stage IIIC,NA,T2,N3,2004,No,NA,NA,NA,NA,NA,NA,NA,white,male,39,2369,2454,1,1,Skin Cutaneous Melanoma
TCGA-XV-AAZV,TCGA_SKCM,Stage II,NA,T4,N0,2013,No,NA,NA,NA,NA,83,172,28.05570579,white,female,56,412,NA,1,0,Skin Cutaneous Melanoma
TCGA-GN-A266,TCGA_SKCM,NA,NA,NA,NA,2004,No,NA,NA,NA,NA,103,173,34.41478165,white,male,45,NA,308,0,1,Skin Cutaneous Melanoma
TCGA-EB-A6L9,TCGA_SKCM,Stage IIIC,NA,TX,N3,2012,No,NA,NA,NA,NA,58,156,23.8330046,asian,male,55,1109,NA,1,0,Skin Cutaneous Melanoma
TCGA-FS-A1YX,TCGA_SKCM,Stage I,NA,T2,N0,2001,No,NA,NA,NA,NA,NA,NA,NA,white,female,39,NA,1478,0,1,Skin Cutaneous Melanoma
TCGA-FR-A8YD,TCGA_SKCM,Stage IIC,NA,T4b,N0,2011,No,NA,NA,NA,NA,77,158,30.84441596,white,female,56,896,1103,1,1,Skin Cutaneous Melanoma
TCGA-GN-A268,TCGA_SKCM,Stage IIB,NA,T4a,N0,2005,No,NA,NA,NA,NA,55,155,22.89281998,white,female,83,NA,1910,0,1,Skin Cutaneous Melanoma
TCGA-EE-A2GD,TCGA_SKCM,Stage IIB,NA,T4,N0,1984,NA,NA,NA,NA,NA,NA,NA,NA,white,female,58,9568,10346,1,1,Skin Cutaneous Melanoma
TCGA-D3-A2JK,TCGA_SKCM,Stage IIIC,NA,T4b,N2b,2005,No,NA,NA,NA,NA,92,185,26.88093499,white,male,24,NA,368,0,1,Skin Cutaneous Melanoma
TCGA-EB-A41A,TCGA_SKCM,Stage IIC,NA,T4b,N0,2012,No,NA,NA,NA,NA,63,162,24.00548697,white,male,90,0,NA,1,0,Skin Cutaneous Melanoma
TCGA-D3-A2JB,TCGA_SKCM,Stage 0,NA,Tis,N0,1997,No,NA,NA,NA,NA,57,163,21.45357371,black or african american,female,70,NA,5110,0,1,Skin Cutaneous Melanoma
TCGA-EE-A2A1,TCGA_SKCM,Stage IB,NA,T2a,N0,2004,No,NA,NA,NA,NA,NA,NA,NA,white,male,46,3527,NA,1,0,Skin Cutaneous Melanoma
TCGA-EE-A2GK,TCGA_SKCM,Stage I,NA,T1,N0,2007,No,NA,NA,NA,NA,NA,NA,NA,white,female,46,1665,NA,1,0,Skin Cutaneous Melanoma
TCGA-EB-A4XL,TCGA_SKCM,Stage IIC,NA,T4b,NX,2012,No,NA,NA,NA,NA,52,168,18.42403628,white,female,56,777,NA,1,0,Skin Cutaneous Melanoma
TCGA-BF-A9VF,TCGA_SKCM,Stage IIC,NA,T4b,N0,2013,No,NA,NA,NA,NA,77,174,25.43268596,white,male,77,440,NA,1,0,Skin Cutaneous Melanoma
TCGA-FS-A4FB,TCGA_SKCM,Stage III,NA,T2,N1a,2009,No,NA,NA,NA,NA,NA,NA,NA,white,female,46,NA,813,0,1,Skin Cutaneous Melanoma
TCGA-EB-A3XB,TCGA_SKCM,Stage II,NA,T4,NX,2011,No,NA,NA,NA,NA,80,164,29.74419988,white,male,63,796,NA,1,0,Skin Cutaneous Melanoma
TCGA-QB-AA9O,TCGA_SKCM,Stage IIIC,NA,TX,N3,2012,NA,NA,NA,NA,NA,119,180,36.72839506,white,male,73,NA,549,0,1,Skin Cutaneous Melanoma
TCGA-FR-A728,TCGA_SKCM,Stage IIIB,NA,T4b,N2a,2013,No,NA,NA,NA,NA,87,165,31.95592287,white,female,54,583,NA,1,0,Skin Cutaneous Melanoma
TCGA-D3-A8GI,TCGA_SKCM,Stage IA,NA,T1a,N0,2008,NA,NA,NA,NA,NA,88,183,26.27728508,white,male,68,NA,1780,0,1,Skin Cutaneous Melanoma
TCGA-XV-AAZW,TCGA_SKCM,Stage II,NA,T4,N0,2013,No,NA,NA,NA,NA,74,170,25.60553633,white,female,62,18,393,1,1,Skin Cutaneous Melanoma
TCGA-EE-A2GT,TCGA_SKCM,Stage IIA,NA,T3a,N0,2009,No,NA,NA,NA,NA,NA,NA,NA,white,male,77,1365,NA,1,0,Skin Cutaneous Melanoma
TCGA-D3-A1QA,TCGA_SKCM,Stage IB,NA,T2a,N0,2005,No,NA,NA,NA,NA,90,175,29.3877551,white,male,55,2765,NA,1,0,Skin Cutaneous Melanoma
TCGA-YG-AA3N,TCGA_SKCM,Stage IIC,NA,T4b,N0,2013,No,NA,NA,NA,NA,80,152,34.62603878,NA,male,67,306,NA,1,0,Skin Cutaneous Melanoma
TCGA-DA-A1I5,TCGA_SKCM,Stage IV,NA,T1a,N0,2003,No,NA,NA,NA,NA,NA,NA,NA,white,female,27,4107,NA,1,0,Skin Cutaneous Melanoma
TCGA-ER-A19N,TCGA_SKCM,NA,NA,NA,NA,2008,No,NA,NA,NA,NA,NA,NA,NA,white,male,47,NA,1341,0,1,Skin Cutaneous Melanoma
TCGA-EB-A85J,TCGA_SKCM,Stage IIB,NA,T4a,N0,2013,No,NA,NA,NA,NA,128,166,46.4508637,white,female,66,360,NA,1,0,Skin Cutaneous Melanoma
TCGA-D3-A2JC,TCGA_SKCM,Stage III,NA,T0,N2b,2006,No,NA,NA,NA,NA,83,168,29.40759637,white,female,53,2639,NA,1,0,Skin Cutaneous Melanoma
TCGA-EE-A2GM,TCGA_SKCM,Stage IIC,NA,T4b,N0,2004,No,NA,NA,NA,NA,NA,NA,NA,white,female,70,2296,NA,1,0,Skin Cutaneous Melanoma
TCGA-EE-A2MU,TCGA_SKCM,Stage IA,NA,T1a,N0,2005,No,NA,NA,NA,NA,NA,NA,NA,white,male,71,1620,NA,1,0,Skin Cutaneous Melanoma
TCGA-FR-A3R1,TCGA_SKCM,Stage IIC,NA,T4b,N0,2011,No,NA,NA,NA,NA,84,178,26.51180407,white,male,69,685,NA,1,0,Skin Cutaneous Melanoma
TCGA-D3-A3MO,TCGA_SKCM,Stage III,NA,TX,N2c,2009,No,NA,NA,NA,NA,70,178,22.09317005,white,male,47,NA,284,0,1,Skin Cutaneous Melanoma
TCGA-EE-A29T,TCGA_SKCM,NA,NA,TX,NX,1982,No,NA,NA,NA,NA,NA,NA,NA,white,female,51,11252,NA,1,0,Skin Cutaneous Melanoma
TCGA-EE-A2GU,TCGA_SKCM,Stage IA,NA,T1a,N0,2005,No,NA,NA,NA,NA,NA,NA,NA,white,female,65,2884,NA,1,0,Skin Cutaneous Melanoma
TCGA-EE-A2GP,TCGA_SKCM,Stage IIIB,NA,T4b,N1a,2009,No,NA,NA,NA,NA,NA,NA,NA,white,male,80,NA,423,0,1,Skin Cutaneous Melanoma
TCGA-ER-A2NE,TCGA_SKCM,Stage 0,NA,Tis,N0,2007,No,NA,NA,NA,NA,NA,NA,NA,white,male,39,NA,613,0,1,Skin Cutaneous Melanoma
TCGA-FR-A7UA,TCGA_SKCM,Stage IB,NA,T2a,N0,2011,No,NA,NA,NA,NA,87,162,33.15043439,white,female,65,1164,NA,1,0,Skin Cutaneous Melanoma
TCGA-EE-A2MK,TCGA_SKCM,Stage III,NA,T4a,N0,1999,No,NA,NA,NA,NA,NA,NA,NA,white,female,18,5487,NA,1,0,Skin Cutaneous Melanoma
TCGA-ER-A2ND,TCGA_SKCM,Stage IIIC,NA,T1b,N3,2004,No,NA,NA,NA,NA,NA,NA,NA,white,female,57,NA,710,0,1,Skin Cutaneous Melanoma
TCGA-EB-A4OY,TCGA_SKCM,Stage IIIB,NA,T4b,N1a,2012,No,NA,NA,NA,NA,87,172,29.40778799,white,female,65,977,NA,1,0,Skin Cutaneous Melanoma
TCGA-ER-A19K,TCGA_SKCM,Stage IIC,NA,T4b,N0,2006,No,NA,NA,NA,NA,NA,NA,NA,white,female,79,NA,469,0,1,Skin Cutaneous Melanoma
TCGA-EB-A551,TCGA_SKCM,Stage IIIC,NA,T4b,N2b,2012,No,NA,NA,NA,NA,65,172,21.97133586,white,female,78,590,NA,1,0,Skin Cutaneous Melanoma
TCGA-D3-A51E,TCGA_SKCM,NA,NA,T2,N0,1999,No,NA,NA,NA,NA,61,163,22.95908766,white,female,39,5318,NA,1,0,Skin Cutaneous Melanoma
TCGA-D3-A3C7,TCGA_SKCM,Stage III,NA,T0,N1b,2009,No,NA,NA,NA,NA,72,162,27.43484225,white,female,57,1429,NA,1,0,Skin Cutaneous Melanoma
TCGA-ER-A19W,TCGA_SKCM,NA,NA,NA,NA,1994,No,NA,NA,NA,NA,NA,NA,NA,white,female,48,NA,4507,0,1,Skin Cutaneous Melanoma
TCGA-FS-A1ZD,TCGA_SKCM,Stage IIA,NA,T2b,N0,2001,No,NA,NA,NA,NA,NA,NA,NA,white,male,63,NA,1628,0,1,Skin Cutaneous Melanoma
TCGA-EE-A29N,TCGA_SKCM,NA,NA,TX,N0,2009,No,NA,NA,NA,NA,NA,NA,NA,white,male,78,NA,566,0,1,Skin Cutaneous Melanoma
TCGA-EE-A3J4,TCGA_SKCM,Stage II,NA,T3a,N0,1991,No,NA,NA,NA,NA,NA,NA,NA,white,male,72,NA,3869,0,1,Skin Cutaneous Melanoma
TCGA-D9-A3Z1,TCGA_SKCM,Stage IIIC,NA,T2a,N3,2011,No,NA,NA,NA,NA,80,180,24.69135802,white,male,66,345,468,1,1,Skin Cutaneous Melanoma
TCGA-FW-A3R5,TCGA_SKCM,Stage III,NA,TX,N2,2010,NA,NA,NA,NA,NA,NA,NA,NA,white,male,68,1124,NA,1,0,Skin Cutaneous Melanoma
TCGA-EB-A44P,TCGA_SKCM,Stage IIC,NA,T4b,N0,2012,No,NA,NA,NA,NA,68,164,25.2825699,white,female,58,741,NA,1,0,Skin Cutaneous Melanoma
TCGA-DA-A95W,TCGA_SKCM,Stage IIIB,NA,TX,N1b,2011,No,NA,NA,NA,NA,NA,NA,NA,white,male,52,1136,NA,1,0,Skin Cutaneous Melanoma
TCGA-EE-A2MP,TCGA_SKCM,Stage I,NA,T2,N0,1991,No,NA,NA,NA,NA,NA,NA,NA,white,female,34,7563,NA,1,0,Skin Cutaneous Melanoma
TCGA-FS-A1ZW,TCGA_SKCM,Stage IIIB,NA,T2b,N1a,2005,No,NA,NA,NA,NA,NA,NA,NA,white,male,65,1505,NA,1,0,Skin Cutaneous Melanoma
TCGA-EB-A57M,TCGA_SKCM,Stage IIIB,NA,T4b,N1,2012,No,NA,NA,NA,NA,61,168,21.61281179,asian,male,56,399,472,1,1,Skin Cutaneous Melanoma
TCGA-D3-A2J6,TCGA_SKCM,Stage IIB,NA,T3b,N0,2002,No,NA,NA,NA,NA,141,185,41.19795471,white,male,65,NA,1321,0,1,Skin Cutaneous Melanoma
TCGA-BF-AAP1,TCGA_SKCM,Stage IIC,NA,T4b,N0,2013,No,NA,NA,NA,NA,68,167,24.38237298,white,male,86,409,NA,1,0,Skin Cutaneous Melanoma
TCGA-GN-A264,TCGA_SKCM,NA,NA,NA,NA,1997,No,NA,NA,NA,NA,104,NA,NA,white,male,60,NA,3587,0,1,Skin Cutaneous Melanoma
TCGA-EE-A2A5,TCGA_SKCM,Stage IB,NA,T2a,N0,2007,No,NA,NA,NA,NA,NA,NA,NA,white,male,43,NA,1195,0,1,Skin Cutaneous Melanoma
TCGA-ER-A2NH,TCGA_SKCM,Stage IIIC,NA,T3a,N3,2009,No,NA,NA,NA,NA,NA,NA,NA,white,male,49,1264,NA,1,0,Skin Cutaneous Melanoma
TCGA-EB-A5FP,TCGA_SKCM,Stage IV,NA,T4b,NX,2012,No,NA,NA,NA,NA,82,180,25.30864198,white,female,65,6,454,1,1,Skin Cutaneous Melanoma
TCGA-WE-A8ZN,TCGA_SKCM,Stage IIB,NA,T4a,NX,2009,No,NA,NA,NA,NA,NA,NA,NA,NA,male,57,1794,NA,1,0,Skin Cutaneous Melanoma
TCGA-D3-A1Q1,TCGA_SKCM,Stage IIIC,NA,T1b,N3,2004,No,NA,NA,NA,NA,59,162,22.48132907,white,female,79,NA,504,0,1,Skin Cutaneous Melanoma
TCGA-W3-AA1W,TCGA_SKCM,Stage II,NA,T3,N0,1996,No,NA,NA,NA,NA,101,170,34.94809689,white,male,64,6666,NA,1,0,Skin Cutaneous Melanoma
TCGA-XV-AB01,TCGA_SKCM,Stage II,NA,T3,NX,2013,No,NA,NA,NA,NA,78,164,29.00059488,white,female,54,403,NA,1,0,Skin Cutaneous Melanoma
TCGA-EE-A3JE,TCGA_SKCM,Stage IIIB,NA,T3b,N1a,2009,No,NA,NA,NA,NA,NA,NA,NA,white,male,75,1562,NA,1,0,Skin Cutaneous Melanoma
TCGA-RP-A694,TCGA_SKCM,Stage IV,NA,TX,NX,2009,No,NA,NA,NA,NA,99,185,28.92622352,white,male,71,21,NA,1,0,Skin Cutaneous Melanoma
TCGA-GN-A269,TCGA_SKCM,Stage IIIC,NA,T4b,N3,2006,No,NA,NA,NA,NA,77,170,26.64359862,white,male,70,NA,170,0,1,Skin Cutaneous Melanoma
TCGA-EE-A3J8,TCGA_SKCM,Stage IIIA,NA,T4a,N1a,2006,No,NA,NA,NA,NA,NA,NA,NA,white,male,59,NA,1044,0,1,Skin Cutaneous Melanoma
TCGA-BF-A1PV,TCGA_SKCM,Stage IIC,NA,T4b,N0,2010,No,NA,NA,NA,NA,70,160,27.34375,white,female,74,14,NA,1,0,Skin Cutaneous Melanoma
TCGA-EE-A2MQ,TCGA_SKCM,Stage IIIA,NA,T3a,N2a,2006,No,NA,NA,NA,NA,NA,NA,NA,white,female,70,NA,1315,0,1,Skin Cutaneous Melanoma
TCGA-EE-A29H,TCGA_SKCM,Stage IA,NA,T1a,N0,2008,No,NA,NA,NA,NA,NA,NA,NA,white,female,59,1966,NA,1,0,Skin Cutaneous Melanoma
TCGA-ER-A19P,TCGA_SKCM,NA,NA,NA,N0,1996,No,NA,NA,NA,NA,NA,NA,NA,white,female,47,NA,4930,0,1,Skin Cutaneous Melanoma
TCGA-D3-A5GL,TCGA_SKCM,Stage IB,NA,T2a,N0,2003,No,NA,NA,NA,NA,113,185,33.01680058,white,male,74,3826,NA,1,0,Skin Cutaneous Melanoma
TCGA-RP-A695,TCGA_SKCM,Stage IV,NA,TX,NX,1999,No,NA,NA,NA,NA,95,182,28.6801111,white,male,NA,NA,NA,0,0,Skin Cutaneous Melanoma
TCGA-DA-A1IB,TCGA_SKCM,Stage IIIC,NA,T2b,N2b,2010,No,NA,NA,NA,NA,NA,NA,NA,white,female,69,825,1235,1,1,Skin Cutaneous Melanoma
TCGA-D3-A2JE,TCGA_SKCM,Stage IIIC,NA,TX,N3,2009,NA,NA,NA,NA,NA,81,160,31.640625,white,female,75,NA,841,0,1,Skin Cutaneous Melanoma
TCGA-D3-A1Q5,TCGA_SKCM,NA,NA,TX,N0,1996,No,NA,NA,NA,NA,125,179,39.01251521,white,male,60,NA,3424,0,1,Skin Cutaneous Melanoma
TCGA-EE-A2GR,TCGA_SKCM,Stage II,NA,T4,N0,2009,No,NA,NA,NA,NA,NA,NA,NA,white,male,78,435,1301,1,1,Skin Cutaneous Melanoma
TCGA-D3-A5GN,TCGA_SKCM,Stage I,NA,T1,N0,2001,No,NA,NA,NA,NA,68,167,24.38237298,white,female,15,4129,NA,1,0,Skin Cutaneous Melanoma
TCGA-YD-A9TB,TCGA_SKCM,NA,NA,NA,NA,1987,No,NA,NA,NA,NA,56,162,21.33821064,white,female,NA,NA,NA,0,0,Skin Cutaneous Melanoma
TCGA-DA-A1IA,TCGA_SKCM,Stage IIIB,NA,T2a,N1b,2005,No,NA,NA,NA,NA,NA,NA,NA,white,female,32,1887,2005,1,1,Skin Cutaneous Melanoma
TCGA-EE-A2GC,TCGA_SKCM,Stage IIB,NA,T3b,N0,2008,No,NA,NA,NA,NA,NA,NA,NA,white,male,82,2051,NA,1,0,Skin Cutaneous Melanoma
TCGA-EE-A2GJ,TCGA_SKCM,Stage IA,NA,T1a,N0,2004,No,NA,NA,NA,NA,NA,NA,NA,white,male,83,2270,2270,1,1,Skin Cutaneous Melanoma
TCGA-EB-A3XC,TCGA_SKCM,Stage IIC,NA,T4b,N0,2012,No,NA,NA,NA,NA,70,178,22.09317005,white,male,74,650,NA,1,0,Skin Cutaneous Melanoma
TCGA-RP-A690,TCGA_SKCM,NA,NA,NA,NA,2005,No,NA,NA,NA,NA,49,162,18.67093431,white,female,66,6,NA,1,0,Skin Cutaneous Melanoma
TCGA-EE-A2GN,TCGA_SKCM,Stage IIA,NA,T2b,N0,2003,No,NA,NA,NA,NA,NA,NA,NA,white,male,67,2767,3106,1,1,Skin Cutaneous Melanoma
TCGA-D9-A6EA,TCGA_SKCM,Stage IIIC,NA,T4a,N3,2012,No,NA,NA,NA,NA,58,166,21.04804761,white,male,70,766,NA,1,0,Skin Cutaneous Melanoma
TCGA-D3-A2JA,TCGA_SKCM,Stage IIIA,NA,T2a,N1a,2003,No,NA,NA,NA,NA,113,175,36.89795918,white,male,68,3514,NA,1,0,Skin Cutaneous Melanoma
TCGA-EB-A299,TCGA_SKCM,Stage IIA,NA,T2b,N0,2011,No,NA,NA,NA,NA,90,170,31.14186851,white,male,63,378,NA,1,0,Skin Cutaneous Melanoma
TCGA-GN-A4U7,TCGA_SKCM,Stage IIIC,NA,T2b,N3,2011,No,NA,NA,NA,NA,48,161,18.5178041,white,female,56,266,317,1,1,Skin Cutaneous Melanoma
TCGA-EE-A17X,TCGA_SKCM,Stage IA,NA,T1a,N0,2006,No,NA,NA,NA,NA,NA,NA,NA,white,male,54,NA,907,0,1,Skin Cutaneous Melanoma
TCGA-FS-A1ZU,TCGA_SKCM,Stage IIC,NA,T4b,N0,2002,No,NA,NA,NA,NA,NA,NA,NA,white,female,70,NA,808,0,1,Skin Cutaneous Melanoma
TCGA-ER-A193,TCGA_SKCM,Stage IIB,NA,T3b,N0,2006,NA,NA,NA,NA,NA,NA,NA,NA,white,male,62,NA,955,0,1,Skin Cutaneous Melanoma
TCGA-FS-A4F4,TCGA_SKCM,Stage II,NA,T3a,N0,2001,No,NA,NA,NA,NA,NA,NA,NA,white,male,64,NA,2028,0,1,Skin Cutaneous Melanoma
TCGA-EE-A2MI,TCGA_SKCM,Stage IIB,NA,T4,N0,1986,No,NA,NA,NA,NA,NA,NA,NA,white,male,43,NA,6225,0,1,Skin Cutaneous Melanoma
TCGA-WE-A8ZO,TCGA_SKCM,Stage IIIB,NA,T3a,N1b,2009,No,NA,NA,NA,NA,NA,NA,NA,NA,female,73,2145,NA,1,0,Skin Cutaneous Melanoma
TCGA-FR-A44A,TCGA_SKCM,Stage II,NA,T3a,N0,1999,No,NA,NA,NA,NA,105,NA,NA,white,female,29,5299,NA,1,0,Skin Cutaneous Melanoma
TCGA-ER-A19H,TCGA_SKCM,NA,NA,NA,N0,1995,No,NA,NA,NA,NA,NA,NA,NA,white,male,40,NA,4634,0,1,Skin Cutaneous Melanoma
TCGA-GN-A8LK,TCGA_SKCM,Stage IB,NA,T1b,NX,2009,No,NA,NA,NA,NA,93,175,30.36734694,white,male,70,NA,1524,0,1,Skin Cutaneous Melanoma
TCGA-EE-A3JH,TCGA_SKCM,Stage IB,NA,T2,N0,2003,No,NA,NA,NA,NA,NA,NA,NA,white,male,54,4086,NA,1,0,Skin Cutaneous Melanoma
TCGA-ER-A3EV,TCGA_SKCM,Stage III,NA,T4,N0,2001,No,NA,NA,NA,NA,90,182,27.17063157,white,male,55,1429,1429,1,1,Skin Cutaneous Melanoma
TCGA-D3-A8GC,TCGA_SKCM,Stage IIIC,NA,TX,N3,2000,No,NA,NA,NA,NA,114,180,35.18518519,white,male,48,NA,2421,0,1,Skin Cutaneous Melanoma
TCGA-GN-A8LN,TCGA_SKCM,Stage IIC,NA,T4b,NX,2013,No,NA,NA,NA,NA,108,180,33.33333333,white,male,68,772,NA,1,0,Skin Cutaneous Melanoma
TCGA-WE-A8ZM,TCGA_SKCM,Stage IIIB,NA,TX,N1b,2006,No,NA,NA,NA,NA,NA,NA,NA,white,male,70,3082,NA,1,0,Skin Cutaneous Melanoma
TCGA-BF-A5ES,TCGA_SKCM,Stage IIC,NA,T4b,N0,2012,No,NA,NA,NA,NA,56,160,21.875,white,female,76,490,NA,1,0,Skin Cutaneous Melanoma
TCGA-DA-A1I8,TCGA_SKCM,Stage IIC,NA,T4b,N0,2005,No,NA,NA,NA,NA,71,168,25.15589569,white,female,63,1368,1640,1,1,Skin Cutaneous Melanoma
TCGA-D3-A2J7,TCGA_SKCM,Stage IIIC,NA,T3b,N1b,2003,No,NA,NA,NA,NA,93,175,30.36734694,white,male,67,NA,3136,0,1,Skin Cutaneous Melanoma
TCGA-EB-A85I,TCGA_SKCM,Stage IIC,NA,T4b,N0,2013,No,NA,NA,NA,NA,82,170,28.37370242,white,male,66,362,NA,1,0,Skin Cutaneous Melanoma
TCGA-WE-A8K6,TCGA_SKCM,Stage IIIB,NA,TX,N1b,2013,No,NA,NA,NA,NA,NA,NA,NA,white,male,79,546,NA,1,0,Skin Cutaneous Melanoma
TCGA-ER-A194,TCGA_SKCM,NA,NA,NA,N0,2005,No,NA,NA,NA,NA,NA,NA,NA,white,male,77,NA,1354,0,1,Skin Cutaneous Melanoma
TCGA-YD-A9TA,TCGA_SKCM,NA,NA,NA,NA,2010,No,NA,NA,NA,NA,67,175,21.87755102,white,male,75,1496,NA,1,0,Skin Cutaneous Melanoma
TCGA-BF-A3DN,TCGA_SKCM,Stage IIIC,NA,T3b,N3,2011,No,NA,NA,NA,NA,58,157,23.53036634,white,female,81,717,NA,1,0,Skin Cutaneous Melanoma
TCGA-EE-A29L,TCGA_SKCM,Stage IIIC,NA,T4b,N3,2009,NA,NA,NA,NA,NA,NA,NA,NA,white,male,78,NA,79,0,1,Skin Cutaneous Melanoma
TCGA-FS-A4F9,TCGA_SKCM,Stage IIIC,NA,T4b,N3,2011,No,NA,NA,NA,NA,NA,NA,NA,white,male,80,1035,NA,1,0,Skin Cutaneous Melanoma
TCGA-YD-A89C,TCGA_SKCM,Stage IA,NA,T1a,NX,2013,No,NA,NA,NA,NA,59,164,21.93634741,white,female,43,210,NA,1,0,Skin Cutaneous Melanoma
TCGA-D3-A8GE,TCGA_SKCM,Stage IV,NA,TX,N0,2012,No,NA,NA,NA,NA,97,176,31.31456612,white,male,26,804,NA,1,0,Skin Cutaneous Melanoma
TCGA-BF-A5EO,TCGA_SKCM,Stage IIC,NA,T4b,N0,2012,No,NA,NA,NA,NA,110,182,33.20854969,white,male,65,703,NA,1,0,Skin Cutaneous Melanoma
TCGA-EE-A29A,TCGA_SKCM,Stage IIIA,NA,T3a,N1a,2003,No,NA,NA,NA,NA,NA,NA,NA,white,male,68,NA,1927,0,1,Skin Cutaneous Melanoma
TCGA-D3-A3C8,TCGA_SKCM,Stage IIIC,NA,TX,N3,2009,NA,NA,NA,NA,NA,132,164,49.0779298,white,female,58,1409,NA,1,0,Skin Cutaneous Melanoma
TCGA-FS-A1ZQ,TCGA_SKCM,NA,NA,TX,N0,1997,No,NA,NA,NA,NA,NA,NA,NA,white,male,31,NA,4062,0,1,Skin Cutaneous Melanoma
TCGA-EE-A3JD,TCGA_SKCM,Stage III,NA,TX,N2b,2009,No,NA,NA,NA,NA,NA,NA,NA,white,male,70,NA,832,0,1,Skin Cutaneous Melanoma
TCGA-Z2-A8RT,TCGA_SKCM,Stage IIB,NA,T3b,N0,2012,No,NA,NA,NA,NA,77,155,32.04994797,white,female,42,839,NA,1,0,Skin Cutaneous Melanoma
TCGA-GN-A26A,TCGA_SKCM,Stage IIIA,NA,T3a,N1a,2006,No,NA,NA,NA,NA,66,165,24.24242424,white,female,63,NA,988,0,1,Skin Cutaneous Melanoma
TCGA-D9-A6EG,TCGA_SKCM,Stage IIIA,NA,T4a,N1,2012,No,NA,NA,NA,NA,70,165,25.71166208,white,male,56,NA,698,0,1,Skin Cutaneous Melanoma
TCGA-EB-A3HV,TCGA_SKCM,Stage IIC,NA,T4b,N0,2011,No,NA,NA,NA,NA,69,180,21.2962963,white,male,37,39,NA,1,0,Skin Cutaneous Melanoma
TCGA-WE-A8ZT,TCGA_SKCM,Stage IV,NA,T3b,N1b,2013,No,NA,NA,NA,NA,NA,NA,NA,white,female,25,359,NA,1,0,Skin Cutaneous Melanoma
TCGA-BF-A1PZ,TCGA_SKCM,Stage IIB,NA,T4a,N0,2010,No,NA,NA,NA,NA,56,163,21.07719523,white,female,71,853,NA,1,0,Skin Cutaneous Melanoma
TCGA-HR-A5NC,TCGA_SKCM,NA,NA,T4,NX,NA,No,NA,NA,NA,NA,NA,152,NA,NA,female,90,0,NA,1,0,Skin Cutaneous Melanoma
TCGA-EE-A183,TCGA_SKCM,Stage 0,NA,Tis,N0,2007,No,NA,NA,NA,NA,NA,NA,NA,white,male,48,NA,818,0,1,Skin Cutaneous Melanoma
TCGA-D3-A8GV,TCGA_SKCM,NA,NA,TX,N0,1993,No,NA,NA,NA,NA,102,182,30.79338244,white,male,25,NA,5101,0,1,Skin Cutaneous Melanoma
TCGA-W3-AA1R,TCGA_SKCM,Stage II,NA,T3,N0,1995,No,NA,NA,NA,NA,86,180,26.54320988,white,male,71,NA,3379,0,1,Skin Cutaneous Melanoma
TCGA-WE-A8ZX,TCGA_SKCM,Stage IIIB,NA,TX,N1b,2012,No,NA,NA,NA,NA,NA,NA,NA,white,male,45,1089,NA,1,0,Skin Cutaneous Melanoma
TCGA-BF-A1Q0,TCGA_SKCM,Stage IIC,NA,T4b,N0,2010,No,NA,NA,NA,NA,69,173,23.05456246,white,male,80,831,NA,1,0,Skin Cutaneous Melanoma
TCGA-DA-A1I2,,Stage III,NA,T4b,N2b,1996,No,NA,NA,NA,NA,92,NA,NA,white,male,45,5088,5370,1,1,Skin Cutaneous Melanoma
TCGA-EB-A82B,,Stage III,NA,T4b,N2,2013,No,NA,NA,NA,NA,55,160,21.484375,asian,female,58,390,NA,1,0,Skin Cutaneous Melanoma
TCGA-D3-A51G,,Stage 0,NA,Tis,N0,1990,NA,NA,NA,NA,NA,112,190,31.02493075,white,male,NA,NA,NA,0,0,Skin Cutaneous Melanoma
TCGA-GF-A4EO,,Stage IIIC,NA,T0,N3,2012,No,NA,NA,NA,NA,105,166,38.10422413,white,female,74,591,NA,1,0,Skin Cutaneous Melanoma
TCGA-D3-A51F,,Stage IIIC,NA,T4b,N1b,2009,No,NA,NA,NA,NA,90,187,25.73708141,white,male,51,1695,NA,1,0,Skin Cutaneous Melanoma
TCGA-D3-A3MR,,Stage III,NA,T0,N1b,2004,No,NA,NA,NA,NA,86,180,26.54320988,white,male,42,3151,NA,1,0,Skin Cutaneous Melanoma
TCGA-3N-A9WD,,Stage IIIA,NA,T2a,N1a,2013,No,NA,NA,NA,NA,116,183,34.63823942,white,male,82,NA,395,0,1,Skin Cutaneous Melanoma
TCGA-ER-A19E,,Stage IB,NA,T2a,N0,2008,No,NA,NA,NA,NA,NA,NA,NA,white,female,36,NA,396,0,1,Skin Cutaneous Melanoma
TCGA-D3-A3C1,,NA,NA,TX,N0,1998,No,NA,NA,NA,NA,83,179,25.9043101,white,male,NA,NA,NA,0,0,Skin Cutaneous Melanoma
TCGA-EB-A5SH,,Stage III,NA,T4,N0,2009,No,NA,NA,NA,NA,56,168,19.84126984,white,female,60,1643,NA,1,0,Skin Cutaneous Melanoma
TCGA-EE-A29E,,Stage IIIB,NA,T3a,N1b,2008,No,NA,NA,NA,NA,NA,NA,NA,white,male,54,1940,NA,1,0,Skin Cutaneous Melanoma
TCGA-BF-A5EQ,,Stage IIC,NA,T4b,N0,2012,No,NA,NA,NA,NA,90,178,28.40550436,white,male,63,323,NA,1,0,Skin Cutaneous Melanoma
TCGA-FR-A69P,,Stage IIIC,NA,TX,N3,2013,No,NA,NA,NA,NA,76,173,25.39343112,white,female,34,478,NA,1,0,Skin Cutaneous Melanoma
TCGA-EB-A3XF,,Stage IIC,NA,T4b,N0,2012,No,NA,NA,NA,NA,88,182,26.56683975,white,male,57,278,NA,1,0,Skin Cutaneous Melanoma
TCGA-D3-A3CF,,Stage IIIC,NA,T4b,N3,2009,No,NA,NA,NA,NA,129,162,49.15409236,white,female,61,NA,746,0,1,Skin Cutaneous Melanoma
TCGA-D3-A8GL,,Stage IIIB,NA,T2a,N1b,1996,No,NA,NA,NA,NA,107,183,31.95078981,white,male,43,NA,2711,0,1,Skin Cutaneous Melanoma
TCGA-D3-A5GU,,Stage IB,NA,T1b,N0,2002,No,NA,NA,NA,NA,75,177,23.93948099,white,male,36,3808,NA,1,0,Skin Cutaneous Melanoma
TCGA-WE-A8ZR,,Stage IIIC,NA,T4b,N1b,2013,No,NA,NA,NA,NA,NA,NA,NA,white,male,49,133,274,1,1,Skin Cutaneous Melanoma
TCGA-D3-A2JF,,Stage IA,NA,T1a,N0,2008,NA,NA,NA,NA,NA,80,170,27.6816609,white,male,74,1888,NA,1,0,Skin Cutaneous Melanoma
TCGA-EB-A5VV,,Stage IIIB,NA,T3b,N1,2012,No,NA,NA,NA,NA,96,160,37.5,white,female,74,214,NA,1,0,Skin Cutaneous Melanoma
TCGA-DA-A95V,,Stage IIC,NA,T4b,N0,2009,No,NA,NA,NA,NA,NA,NA,NA,white,female,83,2193,NA,1,0,Skin Cutaneous Melanoma
TCGA-GF-A769,,Stage IIC,NA,T4b,NX,2010,No,NA,NA,NA,NA,88,182,26.56683975,white,male,39,NA,1070,0,1,Skin Cutaneous Melanoma
TCGA-ER-A3PL,,Stage IV,NA,T3b,N0,2009,No,NA,NA,NA,NA,NA,NA,NA,white,male,30,1010,NA,1,0,Skin Cutaneous Melanoma
TCGA-XV-AAZY,,Stage IIIC,NA,T4,N3,2013,No,NA,NA,NA,NA,67,167,24.02380867,white,female,76,405,NA,1,0,Skin Cutaneous Melanoma
TCGA-ER-A19T,,Stage IV,NA,T4a,N3,2006,No,NA,NA,NA,NA,78,167,27.96801606,white,male,51,NA,270,0,1,Skin Cutaneous Melanoma
TCGA-FS-A1ZR,,Stage II,NA,T2,N0,1995,No,NA,NA,NA,NA,NA,NA,NA,white,male,36,NA,347,0,1,Skin Cutaneous Melanoma
TCGA-FS-A1ZJ,,Stage I,NA,T2,N0,2001,No,NA,NA,NA,NA,NA,NA,NA,white,female,75,NA,1441,0,1,Skin Cutaneous Melanoma
TCGA-HR-A2OG,,NA,NA,NA,NA,NA,No,NA,NA,NA,NA,NA,NA,NA,NA,female,50,7,NA,1,0,Skin Cutaneous Melanoma
TCGA-D3-A8GN,,NA,NA,TX,N0,2000,No,NA,NA,NA,NA,64,165,23.50780533,white,female,27,4897,NA,1,0,Skin Cutaneous Melanoma
TCGA-EB-A5SG,,NA,NA,NA,NA,2008,No,NA,NA,NA,NA,61,162,23.24340802,white,female,57,2076,NA,1,0,Skin Cutaneous Melanoma
TCGA-EE-A3J7,,Stage I,NA,T2,N0,1998,No,NA,NA,NA,NA,NA,NA,NA,white,male,43,1949,NA,1,0,Skin Cutaneous Melanoma
TCGA-EE-A2GI,,Stage IA,NA,T1a,N0,2008,No,NA,NA,NA,NA,NA,NA,NA,white,male,39,1482,NA,1,0,Skin Cutaneous Melanoma
TCGA-WE-A8JZ,,Stage IIIB,NA,T4b,N1a,2012,No,NA,NA,NA,NA,NA,NA,NA,NA,male,70,731,NA,1,0,Skin Cutaneous Melanoma
TCGA-EE-A3AE,,Stage IA,NA,T1a,N0,2009,No,NA,NA,NA,NA,NA,NA,NA,white,female,52,1658,NA,1,0,Skin Cutaneous Melanoma
TCGA-W3-A824,,Stage I,NA,T2,N0,1995,No,NA,NA,NA,NA,79,170,27.33564014,white,male,63,6940,NA,1,0,Skin Cutaneous Melanoma
TCGA-W3-AA1O,,Stage III,NA,TX,N2,1997,No,NA,NA,NA,NA,89,183,26.57589059,white,male,85,NA,122,0,1,Skin Cutaneous Melanoma
TCGA-FR-A8YE,,Stage IA,NA,T1a,N0,2006,No,NA,NA,NA,NA,79,175,25.79591837,white,male,41,3176,NA,1,0,Skin Cutaneous Melanoma
TCGA-EB-A42Z,,Stage IIIC,NA,T4b,N1b,2012,No,NA,NA,NA,NA,50,165,18.36547291,asian,male,49,441,NA,1,0,Skin Cutaneous Melanoma
TCGA-WE-A8ZQ,,Stage IIA,NA,T3a,N0,2009,No,NA,NA,NA,NA,NA,NA,NA,NA,male,48,1923,NA,1,0,Skin Cutaneous Melanoma
TCGA-EE-A2ME,,Stage I,NA,T2,N0,1995,No,NA,NA,NA,NA,NA,NA,NA,white,male,51,NA,3141,0,1,Skin Cutaneous Melanoma
TCGA-DA-A1I0,,Stage IV,NA,T4b,N3,2008,No,NA,NA,NA,NA,NA,NA,NA,white,male,63,594,620,1,1,Skin Cutaneous Melanoma
TCGA-EE-A3AC,,Stage III,NA,T0,N2b,2009,No,NA,NA,NA,NA,NA,NA,NA,white,male,47,1948,NA,1,0,Skin Cutaneous Melanoma
TCGA-ER-A19F,,NA,NA,NA,N0,2003,No,NA,NA,NA,NA,NA,NA,NA,white,male,82,NA,802,0,1,Skin Cutaneous Melanoma
TCGA-D3-A5GO,,Stage II,NA,T4,N0,2001,No,NA,NA,NA,NA,83,169,29.06060712,white,male,61,4195,NA,1,0,Skin Cutaneous Melanoma
TCGA-BF-A3DJ,,Stage IIIB,NA,T4b,N1,2011,No,NA,NA,NA,NA,70,165,25.71166208,white,female,36,464,NA,1,0,Skin Cutaneous Melanoma
TCGA-EE-A20H,,Stage I,NA,T2,N0,1995,NA,NA,NA,NA,NA,NA,NA,NA,white,male,56,NA,5118,0,1,Skin Cutaneous Melanoma
TCGA-D9-A3Z3,,Stage IIIB,NA,T3a,N1b,2012,No,NA,NA,NA,NA,61,164,22.67995241,white,female,39,678,NA,1,0,Skin Cutaneous Melanoma
TCGA-FS-A1ZP,,Stage II,NA,T3,N0,1997,No,NA,NA,NA,NA,NA,NA,NA,white,male,52,NA,2273,0,1,Skin Cutaneous Melanoma
TCGA-DA-A1IC,,Stage IIIB,NA,T3a,N2c,2005,No,NA,NA,NA,NA,81,175,26.44897959,white,male,81,1926,2071,1,1,Skin Cutaneous Melanoma
TCGA-EE-A3AA,,Stage III,NA,T0,N2a,2001,No,NA,NA,NA,NA,NA,NA,NA,white,male,47,3781,NA,1,0,Skin Cutaneous Melanoma
TCGA-FS-A1ZB,,Stage II,NA,T3a,N0,2002,No,NA,NA,NA,NA,NA,NA,NA,white,male,57,NA,1486,0,1,Skin Cutaneous Melanoma
TCGA-FS-A1Z3,,Stage IV,NA,TX,N0,2002,No,NA,NA,NA,NA,NA,NA,NA,white,female,72,NA,636,0,1,Skin Cutaneous Melanoma
TCGA-DA-A1I7,,Stage IIIB,NA,T0,N2b,2007,No,NA,NA,NA,NA,87,193,23.35633171,white,male,62,2703,NA,1,0,Skin Cutaneous Melanoma
TCGA-ER-A198,,NA,NA,NA,NX,2003,NA,NA,NA,NA,NA,NA,NA,NA,white,male,45,NA,1544,0,1,Skin Cutaneous Melanoma
TCGA-BF-AAOU,,Stage IIC,NA,T4b,N0,2013,No,NA,NA,NA,NA,50,160,19.53125,white,female,73,476,NA,1,0,Skin Cutaneous Melanoma
TCGA-D9-A1JW,,NA,NA,T1a,N2a,2010,No,NA,NA,NA,NA,86,160,33.59375,white,male,82,111,NA,1,0,Skin Cutaneous Melanoma
TCGA-FS-A1ZC,,NA,NA,TX,N0,1978,No,NA,NA,NA,NA,NA,NA,NA,white,male,51,NA,10870,0,1,Skin Cutaneous Melanoma
TCGA-EB-A44O,,Stage IIB,NA,T4a,N0,2012,No,NA,NA,NA,NA,89,182,26.86873566,white,male,69,81,NA,1,0,Skin Cutaneous Melanoma
