Patients,PDCD1
TCGA-DA-A1IA,31
TCGA-ER-A19L,21
TCGA-D3-A5GL,25
TCGA-FS-A4F2,12
TCGA-DA-A1I7,127
TCGA-EB-A4P0,135
TCGA-FS-A4F0,8
TCGA-EE-A29P,1512
TCGA-FS-A1ZR,133
TCGA-EE-A2ME,1520
TCGA-EE-A29M,296
TCGA-D3-A2JL,1847
TCGA-EE-A17X,24
TCGA-EE-A17Z,11
TCGA-EE-A3J7,259
TCGA-EE-A29W,20
TCGA-DA-A3F8,3820
TCGA-D3-A8GK,12
TCGA-EB-A553,35
TCGA-FS-A1Z0,707
TCGA-EB-A44O,41
TCGA-ER-A3PL,40
TCGA-FR-A728,470
TCGA-D3-A8GV,73
TCGA-D3-A2JP,446
TCGA-EE-A2MD,250
TCGA-D3-A2J8,866
TCGA-EB-A550,63
TCGA-D9-A4Z6,51
TCGA-HR-A2OG,177
TCGA-GF-A2C7,8
TCGA-D3-A2JD,284
TCGA-D9-A4Z2,16
TCGA-DA-A95X,114
TCGA-FS-A4F4,186
TCGA-WE-A8ZM,5
TCGA-D3-A3BZ,377
TCGA-EE-A3JB,102
TCGA-EE-A185,2
TCGA-ER-A19H,655
TCGA-EB-A5SE,32
TCGA-GN-A267,217
TCGA-EE-A2GR,4
TCGA-DA-A1HV,945
TCGA-ER-A19D,231
TCGA-EE-A29S,240
TCGA-W3-AA1V,94
TCGA-EE-A29N,391
TCGA-D3-A8GB,1083
TCGA-D9-A3Z1,470
TCGA-GF-A6C8,234
TCGA-D3-A1Q6,33
TCGA-ER-A195,735
TCGA-BF-A5EQ,346
TCGA-EE-A2MU,638
TCGA-EB-A82B,302
TCGA-EB-A3Y6,146
TCGA-D3-A51R,4
TCGA-YG-AA3P,22
TCGA-D3-A2JG,46
TCGA-W3-A825,575
TCGA-EE-A29V,16
TCGA-ER-A19S,3368
TCGA-EE-A2GE,1696
TCGA-EE-A2GD,77
TCGA-BF-A3DJ,89
TCGA-Z2-AA3V,1350
TCGA-DA-A1IB,1346
TCGA-D3-A2J7,180
TCGA-W3-A824,645
TCGA-D3-A1Q8,59
TCGA-EE-A2M8,3794
TCGA-GN-A26C,1262
TCGA-EE-A2MR,1722
TCGA-D3-A3C7,499
TCGA-EE-A29C,23
TCGA-ER-A3ES,2
TCGA-ER-A19N,913
TCGA-FS-A1ZM,1178
TCGA-Z2-A8RT,292
TCGA-FS-A1ZG,26
TCGA-ER-A42H,4
TCGA-D3-A51K,515
TCGA-D3-A3C1,108
TCGA-WE-A8JZ,79
TCGA-GN-A262,2
TCGA-FR-A69P,28
TCGA-WE-A8ZR,109
TCGA-EB-A5SF,10
TCGA-D3-A1Q9,297
TCGA-BF-A3DL,14
TCGA-EE-A29H,172
TCGA-EB-A6QZ,11
TCGA-XV-A9W2,12
TCGA-FR-A8YC,202
TCGA-DA-A3F3,164
TCGA-ER-A2NB,572
TCGA-EB-A3XF,24
TCGA-FW-A5DY,480
TCGA-D3-A3MV,19
TCGA-D9-A3Z3,673
TCGA-YD-A9TB,75
TCGA-FS-A1ZP,103
TCGA-FS-A1Z4,741
TCGA-D3-A1Q1,19
TCGA-RP-A693,307
TCGA-ER-A19J,79
TCGA-D3-A3ML,8
TCGA-EE-A2GB,103
TCGA-D3-A5GN,176
TCGA-FS-A1ZT,404
TCGA-ER-A19M,907
TCGA-EE-A20I,220
TCGA-D3-A2JK,1
TCGA-D3-A3C8,3467
TCGA-EE-A2ML,572
TCGA-ER-A2NH,2135
TCGA-OD-A75X,94
TCGA-EE-A2M5,250
TCGA-BF-A3DM,12
TCGA-EE-A3JA,27
TCGA-EE-A3AA,326
TCGA-D3-A8GN,475
TCGA-DA-A1HY,47
TCGA-EB-A6QY,46
TCGA-D9-A4Z5,21
TCGA-W3-A828,28
TCGA-LH-A9QB,10
TCGA-EB-A5VU,15
TCGA-GN-A268,37
TCGA-ER-A199,542
TCGA-EE-A3AC,550
TCGA-RP-A6K9,428
TCGA-D3-A8GQ,50
TCGA-W3-AA21,95
TCGA-BF-A1PU,6
TCGA-ER-A196,3
TCGA-W3-AA1R,262
TCGA-FS-A1ZN,31
TCGA-GN-A4U8,526
TCGA-EE-A2GU,1270
TCGA-BF-AAP1,21
TCGA-DA-A1I2,230
TCGA-FR-A8YE,368
TCGA-FS-A1ZB,73
TCGA-BF-A5ES,68
TCGA-GN-A4U3,13
TCGA-EB-A44R,1431
TCGA-WE-A8ZQ,3
TCGA-W3-AA1W,3311
TCGA-GN-A8LK,21
TCGA-ER-A19T,3
TCGA-EE-A29R,29
TCGA-EE-A3JD,348
TCGA-D3-A2JO,949
TCGA-ER-A19F,97
TCGA-FS-A1YW,32
TCGA-EE-A3AF,231
TCGA-EE-A2GN,67
TCGA-EE-A2GO,29
TCGA-ER-A42L,976
TCGA-EE-A2A1,1613
TCGA-EE-A29T,243
TCGA-EE-A2GI,1446
TCGA-ER-A1A1,2470
TCGA-D3-A8GS,447
TCGA-ER-A198,244
TCGA-DA-A3F5,56
TCGA-FS-A1ZH,621
TCGA-3N-A9WB,5
TCGA-D3-A5GR,230
TCGA-XV-A9W5,120
TCGA-YD-A89C,23
TCGA-ER-A2NG,1471
TCGA-EB-A4IQ,17
TCGA-D3-A51E,620
TCGA-EB-A44P,164
TCGA-GN-A263,5
TCGA-HR-A5NC,17
TCGA-FR-A7U9,234
TCGA-XV-A9VZ,32
TCGA-EE-A2MN,874
TCGA-BF-A1PX,1221
TCGA-WE-AA9Y,86
TCGA-D3-A3CE,732
TCGA-D9-A6EG,5
TCGA-WE-AAA4,1740
TCGA-EB-A85I,577
TCGA-BF-AAOX,27
TCGA-ER-A2NF,351
TCGA-FS-A1ZU,8
TCGA-EE-A20H,64
TCGA-FR-A3YO,48
TCGA-FR-A729,1381
TCGA-ER-A19P,3056
TCGA-EB-A24C,7
TCGA-D3-A8GE,219
TCGA-FS-A4F5,20
TCGA-EE-A2GM,197
TCGA-FW-A5DX,13
TCGA-WE-A8ZO,477
TCGA-FS-A4FC,125
TCGA-EE-A20F,631
TCGA-FS-A1ZJ,181
TCGA-EE-A182,238
TCGA-EB-A5FP,6
TCGA-D3-A51J,1693
TCGA-EB-A44N,149
TCGA-FW-A3TV,315
TCGA-XV-AAZV,216
TCGA-ER-A3EV,31
TCGA-D3-A5GT,3
TCGA-EB-A5SH,91
TCGA-EB-A42Y,88
TCGA-ER-A19Q,446
TCGA-EB-A85J,588
TCGA-EE-A2MJ,1162
TCGA-GN-A264,23
TCGA-FS-A1ZD,3
TCGA-EB-A1NK,109
TCGA-D3-A8GI,17
TCGA-EE-A2M7,94
TCGA-BF-AAP4,814
TCGA-FS-A1Z7,35
TCGA-D9-A149,417
TCGA-BF-AAP0,1431
TCGA-FR-A3YN,554
TCGA-FS-A1ZW,66
TCGA-GF-A3OT,158
TCGA-EE-A3JE,611
TCGA-BF-A9VF,21
TCGA-FS-A1ZA,335
TCGA-D3-A5GS,511
TCGA-QB-AA9O,403
TCGA-FW-A3TU,114
TCGA-ER-A19O,662
TCGA-D3-A8GP,64
TCGA-EE-A2MQ,84
TCGA-D3-A2J6,798
TCGA-GN-A4U4,60
TCGA-D3-A1Q4,49
TCGA-EE-A29G,131
TCGA-EB-A5KH,25
TCGA-WE-AAA3,451
TCGA-DA-A1I1,473
TCGA-EB-A3XC,55
TCGA-3N-A9WC,1488
TCGA-D3-A8GL,1
TCGA-WE-A8ZX,592
TCGA-D3-A51H,1329
TCGA-FS-A1ZC,3
TCGA-EE-A2MK,324
TCGA-DA-A1I8,18
TCGA-D3-A1QA,214
TCGA-EE-A2GH,826
TCGA-EB-A44Q,1521
TCGA-DA-A95Y,9
TCGA-DA-A95V,253
TCGA-D3-A3MU,154
TCGA-ER-A19C,16
TCGA-DA-A95Z,33
TCGA-GF-A4EO,1022
TCGA-EB-A4OZ,493
TCGA-D3-A51N,158
TCGA-EB-A5UN,84
TCGA-EB-A551,1592
TCGA-EE-A2GL,407
TCGA-GN-A4U7,5
TCGA-EE-A2MF,210
TCGA-FR-A3R1,169
TCGA-WE-A8ZY,55
TCGA-XV-AAZW,25
TCGA-EB-A4XL,162
TCGA-W3-AA1O,17
TCGA-GN-A4U5,1205
TCGA-EE-A2A5,37
TCGA-FR-A2OS,12
TCGA-WE-A8ZN,642
TCGA-HR-A2OH,3316
TCGA-WE-A8K6,10
TCGA-RP-A695,190
TCGA-EB-A3XD,120
TCGA-ER-A194,603
TCGA-EE-A2MT,54
TCGA-D3-A3C6,7
TCGA-3N-A9WD,176
TCGA-D3-A2JC,316
TCGA-FR-A7UA,3902
TCGA-GN-A26A,147
TCGA-D9-A6E9,5103
TCGA-EE-A184,478
TCGA-DA-A95W,191
TCGA-EB-A3Y7,9
TCGA-EB-A97M,208
TCGA-EB-A6L9,640
TCGA-BF-A3DN,29
TCGA-EE-A29B,45
TCGA-FS-A4F9,38
TCGA-EB-A41A,39
TCGA-Z2-AA3S,250
TCGA-EE-A2GC,228
TCGA-D3-A2JA,182
TCGA-EB-A430,397
TCGA-EE-A17Y,19
TCGA-EB-A5SG,2986
TCGA-YG-AA3N,1543
TCGA-DA-A1HW,1092
TCGA-EE-A29Q,23
TCGA-EE-A3J5,800
TCGA-FS-A1YY,12
TCGA-DA-A3F2,1587
TCGA-BF-A5ER,12
TCGA-IH-A3EA,30
TCGA-D3-A51T,160
TCGA-RP-A694,343
TCGA-GN-A265,407
TCGA-EE-A2MS,339
TCGA-FW-A3I3,50
TCGA-D3-A2JB,1464
TCGA-EE-A2M6,135
TCGA-BF-AAP7,747
TCGA-D3-A3MR,918
TCGA-EE-A2GT,442
TCGA-EE-A2GP,73
TCGA-D9-A1X3,2
TCGA-WE-A8K1,957
TCGA-ER-A193,769
TCGA-D3-A2JH,4011
TCGA-FR-A726,20
TCGA-XV-AAZY,124
TCGA-FS-A1ZS,37
TCGA-ER-A2ND,116
TCGA-DA-A1I5,348
TCGA-BF-AAP6,24
TCGA-EE-A180,66
TCGA-EB-A5VV,905
TCGA-BF-AAOU,57
TCGA-EB-A431,21
TCGA-EB-A24D,149
TCGA-RP-A690,32
TCGA-FR-A7U8,22
TCGA-ER-A19A,2347
TCGA-DA-A1I0,262
TCGA-EE-A2A2,254
TCGA-D3-A2J9,6848
TCGA-EE-A2MI,451
TCGA-D3-A8GJ,1168
TCGA-GN-A9SD,481
TCGA-ER-A197,832
TCGA-GN-A4U9,83
TCGA-EE-A20C,8
TCGA-D3-A3C3,211
TCGA-FS-A4FD,174
TCGA-EE-A3JI,64
TCGA-EE-A3J8,0
TCGA-EE-A20B,162
TCGA-BF-AAP8,81
TCGA-FR-A44A,2162
TCGA-EE-A29E,8
TCGA-EE-A2MC,1203
TCGA-ER-A3ET,81
TCGA-EE-A2MG,786
TCGA-D3-A2JN,252
TCGA-EB-A3XE,141
TCGA-ER-A19W,1517
TCGA-BF-A1PZ,157
TCGA-D3-A8GD,1480
TCGA-D3-A8GR,7
TCGA-EE-A3AB,97
TCGA-D9-A148,209
TCGA-EB-A6R0,486
TCGA-D3-A3CB,886
TCGA-EE-A2GK,1425
TCGA-EE-A181,1013
TCGA-ER-A2NE,3
TCGA-WE-A8K5,231
TCGA-DA-A1IC,58
TCGA-D3-A51G,352
TCGA-BF-A1PV,21
TCGA-FS-A4FB,5
TCGA-BF-A1Q0,107
TCGA-FS-A4F8,350
TCGA-FS-A1ZY,7
TCGA-ER-A19E,45
TCGA-GN-A26D,56
TCGA-D3-A3MO,22
TCGA-EE-A2GJ,558
TCGA-EE-A3J4,76
TCGA-EE-A2MH,332
TCGA-D3-A8GO,289
TCGA-D9-A3Z4,174
TCGA-GN-A266,332
TCGA-GF-A6C9,572
TCGA-FS-A1Z3,18
TCGA-ER-A19G,151
TCGA-EB-A5UL,838
TCGA-FW-A3R5,107
TCGA-EB-A42Z,73
TCGA-EE-A2MP,411
TCGA-D3-A1Q3,838
TCGA-FS-A1ZZ,26
TCGA-EB-A82C,7
TCGA-D9-A1JX,932
TCGA-EE-A29X,346
TCGA-D9-A4Z3,80
TCGA-EE-A183,413
TCGA-D3-A1QB,3706
TCGA-EE-A3AH,12
TCGA-EB-A41B,238
TCGA-WE-A8ZT,35
TCGA-EB-A4IS,1368
TCGA-EE-A3AG,7
TCGA-DA-A1I4,22
TCGA-GN-A8LL,82
TCGA-EE-A3J3,147
TCGA-EB-A51B,75
TCGA-D3-A8GC,73
TCGA-BF-A5EP,11
TCGA-W3-AA1Q,223
TCGA-FS-A1ZF,73
TCGA-D3-A8GM,264
TCGA-GF-A769,18
TCGA-EE-A2A0,18
TCGA-EB-A299,174
TCGA-D3-A3CC,27
TCGA-EB-A57M,71
TCGA-EE-A2A6,930
TCGA-EB-A3HV,59
TCGA-D9-A6EC,40
TCGA-D9-A6EA,33
TCGA-FS-A1YX,44
TCGA-EE-A2GS,129
TCGA-D3-A2JF,371
TCGA-FS-A1ZK,7
TCGA-DA-A960,7
TCGA-FS-A1ZE,14
TCGA-WE-AAA0,164
TCGA-FR-A8YD,37
TCGA-BF-AAP2,202
TCGA-EE-A29A,5
TCGA-ER-A19K,103
TCGA-EE-A29L,13
TCGA-D3-A1Q7,2183
TCGA-EE-A3AD,6
TCGA-EE-A3JH,1623
TCGA-EB-A3XB,130
TCGA-D3-A2JE,21
TCGA-EE-A29D,20
TCGA-EB-A5UM,402
TCGA-D9-A1JW,540
TCGA-D3-A1Q5,21
TCGA-BF-A5EO,312
TCGA-D3-A3CF,574
TCGA-D3-A5GU,294
TCGA-XV-AB01,93
TCGA-ER-A19B,18
TCGA-D3-A5GO,282
TCGA-GN-A8LN,31
TCGA-YG-AA3O,189
TCGA-EE-A2MM,70
TCGA-QB-A6FS,767
TCGA-YD-A9TA,256
TCGA-D3-A51F,5628
TCGA-EB-A4OY,198
TCGA-ER-A2NC,73
TCGA-FS-A1ZQ,82
TCGA-ER-A42K,7
TCGA-WE-A8K4,1631