"","x"
"1","TCGA-EE-A2GE"
"2","TCGA-ER-A193"
"3","TCGA-EB-A3Y6"
"4","TCGA-D3-A5GO"
"5","TCGA-LH-A9QB"
"6","TCGA-BF-A3DN"
"7","TCGA-GF-A2C7"
"8","TCGA-D3-A3C3"
"9","TCGA-WE-A8ZN"
"10","TCGA-D3-A8GI"
"11","TCGA-D9-A4Z6"
"12","TCGA-D9-A6EC"
"13","TCGA-ER-A19G"
"14","TCGA-EE-A2GN"
"15","TCGA-EB-A44N"
"16","TCGA-D3-A51F"
"17","TCGA-EB-A431"
"18","TCGA-EE-A2GM"
"19","TCGA-GN-A26A"
"20","TCGA-BF-AAP7"
"21","TCGA-EE-A3AG"
"22","TCGA-EE-A3JH"
"23","TCGA-DA-A1I7"
"24","TCGA-EE-A2GT"
"25","TCGA-FS-A1ZD"
"26","TCGA-EE-A3AB"
"27","TCGA-EE-A2GK"
"28","TCGA-BF-AAP1"
"29","TCGA-D3-A1Q5"
"30","TCGA-EE-A29W"
"31","TCGA-D3-A3C7"
"32","TCGA-EE-A29M"
"33","TCGA-EB-A4XL"
"34","TCGA-FR-A729"
"35","TCGA-D9-A4Z2"
"36","TCGA-DA-A95X"
"37","TCGA-EE-A20I"
"38","TCGA-BF-A5EO"
"39","TCGA-EE-A2MS"
"40","TCGA-XV-AAZW"
"41","TCGA-D3-A8GB"
"42","TCGA-FR-A8YE"
"43","TCGA-BF-A1PV"
"44","TCGA-EE-A2M6"
"45","TCGA-EB-A550"
"46","TCGA-HR-A2OH"
"47","TCGA-FW-A5DY"
"48","TCGA-DA-A1I5"
"49","TCGA-D3-A8GQ"
"50","TCGA-EE-A29G"
"51","TCGA-YD-A89C"
"52","TCGA-EB-A5FP"
"53","TCGA-D3-A2JP"
"54","TCGA-D3-A8GO"
"55","TCGA-D3-A2JF"
"56","TCGA-EE-A3JD"
"57","TCGA-D9-A1JW"
"58","TCGA-EE-A20B"
"59","TCGA-D3-A1QA"
"60","TCGA-EE-A17Y"
"61","TCGA-EE-A2GP"
"62","TCGA-EB-A42Y"
"63","TCGA-EB-A44Q"
"64","TCGA-WE-A8JZ"
"65","TCGA-EB-A44P"
"66","TCGA-W3-AA1R"
"67","TCGA-DA-A1I0"
"68","TCGA-D3-A1Q9"
"69","TCGA-WE-AAA4"
"70","TCGA-D3-A8GK"
"71","TCGA-D3-A8GL"
"72","TCGA-FS-A1ZR"
"73","TCGA-DA-A1IB"
"74","TCGA-EE-A185"
"75","TCGA-D3-A2J7"
"76","TCGA-3N-A9WD"
"77","TCGA-D3-A2JD"
"78","TCGA-EE-A3J3"
"79","TCGA-FR-A7U9"
"80","TCGA-FR-A69P"
"81","TCGA-FS-A1Z7"
"82","TCGA-D3-A2JA"
"83","TCGA-EB-A4IS"
"84","TCGA-EB-A6QZ"
"85","TCGA-WE-A8ZM"
"86","TCGA-D3-A3CF"
"87","TCGA-EE-A20H"
"88","TCGA-EE-A29P"
"89","TCGA-ER-A19O"
"90","TCGA-D9-A4Z5"
"91","TCGA-D3-A3BZ"
"92","TCGA-EE-A2MK"
"93","TCGA-EB-A551"
"94","TCGA-WE-A8ZT"
"95","TCGA-D3-A8GV"
"96","TCGA-ER-A3ES"
"97","TCGA-BF-AAOX"
"98","TCGA-GF-A769"
"99","TCGA-BF-AAOU"
"100","TCGA-ER-A19B"
"101","TCGA-FS-A1ZG"
"102","TCGA-D9-A3Z3"
"103","TCGA-ER-A2NF"
"104","TCGA-D3-A5GN"
"105","TCGA-ER-A2ND"
"106","TCGA-FS-A1ZM"
"107","TCGA-EE-A29L"
"108","TCGA-D3-A3CE"
"109","TCGA-ER-A19K"
"110","TCGA-QB-A6FS"
"111","TCGA-BF-A5EP"
"112","TCGA-WE-AAA3"
"113","TCGA-EB-A5KH"
"114","TCGA-D3-A51T"
"115","TCGA-ER-A1A1"
"116","TCGA-GN-A4U3"
"117","TCGA-ER-A2NF"
"118","TCGA-GN-A261"
"119","TCGA-EE-A2MH"
"120","TCGA-ER-A19Q"
"121","TCGA-EE-A29T"
"122","TCGA-EE-A2MT"
"123","TCGA-YD-A9TB"
"124","TCGA-D9-A6EG"
"125","TCGA-FR-A8YC"
"126","TCGA-DA-A1IA"
"127","TCGA-XV-AAZV"
"128","TCGA-FS-A1Z3"
"129","TCGA-EE-A3AA"
"130","TCGA-DA-A3F2"
"131","TCGA-BF-A3DJ"
"132","TCGA-D3-A2JB"
"133","TCGA-D3-A2J9"
"134","TCGA-FS-A1Z4"
"135","TCGA-FS-A1ZH"
"136","TCGA-EE-A3JI"
"137","TCGA-D9-A148"
"138","TCGA-EE-A180"
"139","TCGA-EB-A82C"
"140","TCGA-GN-A264"
"141","TCGA-EB-A3XE"
"142","TCGA-DA-A3F3"
"143","TCGA-D3-A2JO"
"144","TCGA-GN-A267"
"145","TCGA-EB-A85J"
"146","TCGA-EE-A183"
"147","TCGA-EB-A51B"
"148","TCGA-EB-A42Z"
"149","TCGA-EB-A6QY"
"150","TCGA-GN-A8LN"
"151","TCGA-D3-A2JC"
"152","TCGA-EE-A2MC"
"153","TCGA-FS-A1ZF"
"154","TCGA-D3-A8GP"
"155","TCGA-GN-A4U8"
"156","TCGA-YG-AA3P"
"157","TCGA-EB-A6R0"
"158","TCGA-ER-A19D"
"159","TCGA-FS-A4F2"
"160","TCGA-D3-A1Q4"
"161","TCGA-D9-A149"
"162","TCGA-DA-A1I1"
"163","TCGA-ER-A19N"
"164","TCGA-EE-A2GR"
"165","TCGA-BF-A5ER"
"166","TCGA-BF-A1PU"
"167","TCGA-D9-A6E9"
"168","TCGA-D3-A3MV"
"169","TCGA-ER-A2NG"
"170","TCGA-D3-A51H"
"171","TCGA-DA-A95V"
"172","TCGA-D3-A8GM"
"173","TCGA-YG-AA3N"
"174","TCGA-D3-A51K"
"175","TCGA-EE-A2MF"
"176","TCGA-EB-A4OZ"
"177","TCGA-EB-A97M"
"178","TCGA-EE-A20F"
"179","TCGA-BF-A1Q0"
"180","TCGA-EE-A3AE"
"181","TCGA-D9-A3Z4"
"182","TCGA-FR-A728"
"183","TCGA-EB-A5SG"
"184","TCGA-BF-A5ES"
"185","TCGA-DA-A95W"
"186","TCGA-D3-A8GD"
"187","TCGA-W3-AA1Q"
"188","TCGA-EB-A4IQ"
"189","TCGA-ER-A19T"
"190","TCGA-D3-A1Q6"
"191","TCGA-XV-A9W5"
"192","TCGA-W3-AA1W"
"193","TCGA-EB-A5UL"
"194","TCGA-EB-A3HV"
"195","TCGA-EB-A5UN"
"196","TCGA-EE-A2A5"
"197","TCGA-ER-A19A"
"198","TCGA-GN-A4U8"
"199","TCGA-FS-A1ZK"
"200","TCGA-BF-AAP0"
"201","TCGA-D3-A8GJ"
"202","TCGA-EB-A3XD"
"203","TCGA-GN-A26D"
"204","TCGA-YG-AA3O"
"205","TCGA-D3-A8GR"
"206","TCGA-ER-A194"
"207","TCGA-D3-A3CB"
"208","TCGA-WE-A8ZY"
"209","TCGA-BF-A3DL"
"210","TCGA-EE-A2ML"
"211","TCGA-EE-A2MU"
"212","TCGA-XV-AAZY"
"213","TCGA-FS-A1ZY"
"214","TCGA-EB-A5SF"
"215","TCGA-EE-A2MP"
"216","TCGA-D3-A2JN"
"217","TCGA-EE-A2ME"
"218","TCGA-EE-A2A0"
"219","TCGA-D3-A3C1"
"220","TCGA-EE-A3AC"
"221","TCGA-EE-A29Q"
"222","TCGA-EE-A2GJ"
"223","TCGA-ER-A19W"
"224","TCGA-GN-A8LK"
"225","TCGA-ER-A3PL"
"226","TCGA-EE-A2MG"
"227","TCGA-DA-A1HY"
"228","TCGA-WE-AA9Y"
"229","TCGA-D3-A2J8"
"230","TCGA-GN-A266"
"231","TCGA-FS-A4FB"
"232","TCGA-EE-A3AD"
"233","TCGA-EE-A2GB"
"234","TCGA-FW-A3R5"
"235","TCGA-XV-A9W2"
"236","TCGA-D3-A2JH"
"237","TCGA-FW-A3I3"
"238","TCGA-ER-A42L"
"239","TCGA-EE-A3JB"
"240","TCGA-FS-A4F0"
"241","TCGA-EE-A181"
"242","TCGA-GN-A4U7"
"243","TCGA-ER-A19J"
"244","TCGA-EB-A82B"
"245","TCGA-EE-A29H"
"246","TCGA-GN-A4U9"
"247","TCGA-EE-A29R"
"248","TCGA-BF-AAP2"
"249","TCGA-EB-A4P0"
"250","TCGA-D3-A51R"
"251","TCGA-HR-A5NC"
"252","TCGA-W3-AA21"
"253","TCGA-EE-A29X"
"254","TCGA-EB-A3XC"
"255","TCGA-GN-A4U5"
"256","TCGA-FS-A4F8"
"257","TCGA-D3-A51G"
"258","TCGA-EE-A2MR"
"259","TCGA-W3-A825"
"260","TCGA-EB-A5UM"
"261","TCGA-FS-A1ZP"
"262","TCGA-EE-A17X"
"263","TCGA-FR-A7U8"
"264","TCGA-D3-A2JL"
"265","TCGA-RP-A695"
"266","TCGA-FS-A4F9"
"267","TCGA-3N-A9WC"
"268","TCGA-ER-A19H"
"269","TCGA-EB-A6L9"
"270","TCGA-GN-A26C"
"271","TCGA-EE-A29N"
"272","TCGA-EE-A3J4"
"273","TCGA-FS-A1ZJ"
"274","TCGA-D9-A1X3"
"275","TCGA-EE-A2GO"
"276","TCGA-W3-A828"
"277","TCGA-ER-A2NH"
"278","TCGA-D3-A1Q8"
"279","TCGA-FS-A1YW"
"280","TCGA-DA-A960"
"281","TCGA-ER-A19T"
"282","TCGA-BF-AAP4"
"283","TCGA-FS-A1ZB"
"284","TCGA-BF-AAP6"
"285","TCGA-GF-A6C8"
"286","TCGA-EE-A2GI"
"287","TCGA-OD-A75X"
"288","TCGA-GN-A265"
"289","TCGA-EE-A20C"
"290","TCGA-FS-A4F4"
"291","TCGA-D9-A6EA"
"292","TCGA-EB-A5SH"
"293","TCGA-IH-A3EA"
"294","TCGA-ER-A42H"
"295","TCGA-GF-A3OT"
"296","TCGA-Z2-AA3V"
"297","TCGA-EE-A2GH"
"298","TCGA-EB-A553"
"299","TCGA-ER-A19P"
"300","TCGA-EE-A3JE"
"301","TCGA-FR-A3R1"
"302","TCGA-BF-A5EQ"
"303","TCGA-EE-A3J7"
"304","TCGA-EB-A57M"
"305","TCGA-FS-A1Z0"
"306","TCGA-D3-A3MU"
"307","TCGA-DA-A1IC"
"308","TCGA-FS-A4FC"
"309","TCGA-FS-A1ZT"
"310","TCGA-EE-A2GU"
"311","TCGA-ER-A198"
"312","TCGA-EE-A184"
"313","TCGA-WE-A8ZX"
"314","TCGA-YD-A9TA"
"315","TCGA-D3-A8GE"
"316","TCGA-EE-A2A1"
"317","TCGA-ER-A19F"
"318","TCGA-Z2-AA3S"
"319","TCGA-WE-A8ZO"
"320","TCGA-RP-A694"
"321","TCGA-FS-A1ZE"
"322","TCGA-DA-A95Z"
"323","TCGA-D3-A5GS"
"324","TCGA-ER-A19L"
"325","TCGA-GN-A9SD"
"326","TCGA-EE-A3AF"
"327","TCGA-FW-A3TV"
"328","TCGA-WE-A8K1"
"329","TCGA-EE-A29A"
"330","TCGA-D3-A1Q7"
"331","TCGA-D3-A3CC"
"332","TCGA-D3-A5GR"
"333","TCGA-FS-A1ZS"
"334","TCGA-EE-A2MD"
"335","TCGA-FR-A7UA"
"336","TCGA-EE-A2GS"
"337","TCGA-D9-A4Z3"
"338","TCGA-FS-A1ZZ"
"339","TCGA-D3-A2JK"
"340","TCGA-D3-A2J6"
"341","TCGA-EE-A2A2"
"342","TCGA-D3-A8GS"
"343","TCGA-EE-A29D"
"344","TCGA-EE-A3J8"
"345","TCGA-EB-A4OY"
"346","TCGA-BF-A1PX"
"347","TCGA-EE-A2M8"
"348","TCGA-EE-A2MJ"
"349","TCGA-Z2-A8RT"
"350","TCGA-FW-A5DX"
"351","TCGA-DA-A3F5"
"352","TCGA-D3-A5GU"
"353","TCGA-ER-A199"
"354","TCGA-EB-A3XB"
"355","TCGA-D3-A1Q1"
"356","TCGA-EE-A2MQ"
"357","TCGA-FS-A1ZA"
"358","TCGA-D3-A2JG"
"359","TCGA-3N-A9WB"
"360","TCGA-EE-A3AH"
"361","TCGA-EB-A430"
"362","TCGA-FS-A1YY"
"363","TCGA-EB-A44O"
"364","TCGA-EB-A41A"
"365","TCGA-WE-A8K6"
"366","TCGA-EE-A2M7"
"367","TCGA-FR-A3YN"
"368","TCGA-D3-A8GN"
"369","TCGA-D3-A5GT"
"370","TCGA-FW-A3TU"
"371","TCGA-EE-A29E"
"372","TCGA-BF-A3DM"
"373","TCGA-D3-A51J"
"374","TCGA-EE-A2MI"
"375","TCGA-EB-A5SE"
"376","TCGA-QB-AA9O"
"377","TCGA-W3-AA1V"
"378","TCGA-ER-A195"
"379","TCGA-EB-A3XF"
"380","TCGA-EE-A2M5"
"381","TCGA-DA-A3F8"
"382","TCGA-ER-A2NE"
"383","TCGA-GF-A6C9"
"384","TCGA-D3-A3C6"
"385","TCGA-EB-A85I"
"386","TCGA-ER-A3ET"
"387","TCGA-ER-A3EV"
"388","TCGA-EE-A2A6"
"389","TCGA-EE-A2MN"
"390","TCGA-ER-A196"
"391","TCGA-RP-A6K9"
"392","TCGA-GN-A262"
"393","TCGA-ER-A19E"
"394","TCGA-GN-A268"
"395","TCGA-EE-A29C"
"396","TCGA-D3-A3ML"
"397","TCGA-GN-A263"
"398","TCGA-EB-A299"
"399","TCGA-DA-A1I2"
"400","TCGA-D3-A2JE"
"401","TCGA-DA-A1I8"
"402","TCGA-FS-A1ZW"
"403","TCGA-XV-A9VZ"
"404","TCGA-D3-A1QB"
"405","TCGA-EB-A1NK"
"406","TCGA-FS-A1ZU"
"407","TCGA-EE-A2GD"
"408","TCGA-EE-A3J5"
"409","TCGA-ER-A42K"
"410","TCGA-FR-A726"
"411","TCGA-EE-A17Z"
"412","TCGA-ER-A2NC"
"413","TCGA-GN-A8LL"
"414","TCGA-EE-A2GL"
"415","TCGA-ER-A19S"
"416","TCGA-EE-A2MM"
"417","TCGA-EB-A41B"
"418","TCGA-WE-A8K4"
"419","TCGA-W3-A824"
"420","TCGA-DA-A1HW"
"421","TCGA-BF-A1PZ"
"422","TCGA-EB-A5VU"
"423","TCGA-D3-A5GL"
"424","TCGA-DA-A1I4"
"425","TCGA-ER-A19M"
"426","TCGA-EE-A2GC"
"427","TCGA-FR-A3YO"
"428","TCGA-DA-A1HV"
"429","TCGA-WE-A8K5"
"430","TCGA-FS-A4FD"
"431","TCGA-RP-A693"
"432","TCGA-WE-A8ZQ"
"433","TCGA-D3-A1QA"
"434","TCGA-FS-A4F5"
"435","TCGA-ER-A197"
"436","TCGA-EB-A3Y7"
"437","TCGA-D9-A3Z1"
"438","TCGA-EB-A24C"
"439","TCGA-D3-A3MO"
"440","TCGA-XV-AB01"
"441","TCGA-FS-A1YX"
"442","TCGA-EE-A3JA"
"443","TCGA-BF-AAP8"
"444","TCGA-EB-A24D"
"445","TCGA-D3-A51N"
"446","TCGA-D3-A8GC"
"447","TCGA-FS-A1ZQ"
"448","TCGA-D9-A1JX"
"449","TCGA-ER-A19C"
"450","TCGA-D3-A3C8"
"451","TCGA-FS-A1ZC"
"452","TCGA-RP-A690"
"453","TCGA-W3-AA1O"
"454","TCGA-WE-A8ZR"
"455","TCGA-D3-A1Q3"
"456","TCGA-FS-A1ZN"
"457","TCGA-EE-A29S"
"458","TCGA-WE-AAA0"
"459","TCGA-FR-A8YD"
"460","TCGA-HR-A2OG"
"461","TCGA-EE-A182"
"462","TCGA-DA-A95Y"
"463","TCGA-GN-A4U4"
"464","TCGA-BF-A9VF"
"465","TCGA-EE-A29B"
"466","TCGA-FR-A44A"
"467","TCGA-FR-A2OS"
"468","TCGA-EB-A5VV"
"469","TCGA-GF-A4EO"
"470","TCGA-EE-A29V"
"471","TCGA-EB-A44R"
"472","TCGA-D3-A51E"
"473","TCGA-D3-A3MR"
